ID,Gloss,Language,Word,Cluster
0,louse:0,ALBANIAN_GHEG,mor,louse:0:1
1,louse:0,ALBANIAN,morr,louse:0:1
2,louse:0,ALBANIAN_TOSK,mor,louse:0:2
3,louse:1,ARAGONESE,pegoLo,louse:1:1
4,louse:2,ASTURIAN,pioyu,louse:2:1
5,louse:2,CORSICAN,pidoTu,louse:2:1
6,louse:4,DALMATIAN,pedoklo,louse:4:1
7,louse:8,FRIULIAN,pEdoli,louse:8:1
8,louse:9,GALICIAN,pioLo,louse:9:1
9,louse:4,ITALIAN,pidokko,louse:4:1
10,louse:4,ITALIAN_GROSSETO_TUSCAN,pidokyo,louse:4:1
11,louse:9,JUDEO_ESPAGNOL,pioxo,louse:9:1
12,louse:14,NONES,piocEl,louse:14:1
13,louse:2,PORTUGUESE,pioLu,louse:2:1
14,louse:2,ROMANIAN_MEGLENO,pidukLu,louse:2:1
15,louse:2,SARDINIAN,priogu,louse:2:1
16,louse:2,SARDINIAN_CAMPIDANESE,prioxu,louse:2:1
17,louse:21,SARDINIAN_LOGUDARESE,preuku,louse:21:1
18,louse:9,SPANISH,pioho,louse:9:1
19,louse:3,CATALAN,poL,louse:3:1
20,louse:3,CATALAN_2,poL,louse:3:2
21,louse:15,NONES_FASSANO,poye,louse:15:1
22,louse:16,NONES_GARDENESE,podl,louse:16:1
23,louse:5,EMILIANO_CARPIGIANO,pyoC,louse:5:1
24,louse:6,EMILIANO_FERRARESE,vdoC,louse:6:1
25,louse:5,EMILIANO_REGGIANO,pyoC,louse:5:2
26,louse:5,LOMBARD_BERGAMO,pyoC,louse:5:3
27,louse:5,LOMBARD_PLESIO,pyoC,louse:5:4
28,louse:5,PIEMONTESE_VERCELLESE,pyoC,louse:5:5
29,louse:6,ROMAGNOL_RAVENNATE,bdoC,louse:6:1
30,louse:7,FRENCH,pu,louse:7:1
31,louse:17,PIEMONTESE_BARBANIA,puy,louse:17:1
32,louse:17,PIEMONTESE_CARMAGNOLA,puy,louse:17:2
33,louse:17,PIEMONTESE_LANZO_TORINESE,puy,louse:17:3
34,louse:10,GASCON,pedui,louse:10:1
35,louse:11,LANGUEDOCIEN,pezul,louse:11:1
36,louse:12,LIGURIAN_GENOESE,pigEju,louse:12:1
37,louse:12,LIGURIAN_RAPALLO,pigEju,louse:12:2
38,louse:12,LIGURIAN_STELLA,pyEju,louse:12:1
39,louse:13,NEAPOLITAN_CALABRESE,p3ruky3,louse:13:1
40,louse:18,ROMANIAN,p3duke,louse:18:1
41,louse:18,ROMANIAN_2,paduke,louse:18:1
42,louse:19,ROMANSH_GRISHUN,pluL,louse:19:1
43,louse:19,ROMANSH_SURMIRAN,pluL,louse:19:2
44,louse:19,ROMANSH_SURSILVAN,pluL,louse:19:3
45,louse:20,ROMANSH_VALLADER,plwoL,louse:20:1
46,liver:0,ALBANIAN_GHEG,m3lCi,liver:0:1
47,liver:0,ALBANIAN,m3lCi,liver:0:2
48,liver:0,ALBANIAN_TOSK,m3lCi,liver:0:3
49,liver:1,ARAGONESE,figado,liver:1:1
50,liver:3,DALMATIAN,figuot,liver:3:1
51,liver:5,FRENCH,fa,liver:5:1
52,liver:3,FRIULIAN,fiat,liver:3:1
53,liver:1,GALICIAN,figado,liver:1:2
54,liver:1,JUDEO_ESPAGNOL,igado,liver:1:1
55,liver:3,LIGURIAN_RAPALLO,figEtu,liver:3:1
56,liver:1,NONES,fica,liver:1:1
57,liver:1,PORTUGUESE,fixa8u,liver:1:1
58,liver:1,ROMANIAN,fikat,liver:1:1
59,liver:1,ROMANIAN_2,fikat,liver:1:2
60,liver:1,SARDINIAN,figadu,liver:1:1
61,liver:1,SARDINIAN_CAMPIDANESE,figaw,liver:1:1
62,liver:1,SARDINIAN_LOGUDARESE,fikadu,liver:1:1
63,liver:3,SICILIAN_UnnamedInSource,fiCatu,liver:3:1
64,liver:1,SPANISH,igado,liver:1:2
65,liver:1,TURIA_AROMANIAN,layikat,liver:1:1
66,liver:2,CATALAN,fej3,liver:2:1
67,liver:2,CATALAN_2,fej3,liver:2:2
68,liver:2,LANGUEDOCIEN,feje,liver:2:1
69,liver:3,CORSICAN,fegatu,liver:3:1
70,liver:3,EMILIANO_FERRARESE,fEgat,liver:3:1
71,liver:3,ITALIAN,fegato,liver:3:1
72,liver:3,ITALIAN_GROSSETO_TUSCAN,fegato,liver:3:2
73,liver:3,LIGURIAN_GENOESE,fegatu,liver:3:2
74,liver:3,LIGURIAN_STELLA,fegatu,liver:3:3
75,liver:3,NEAPOLITAN_CALABRESE,fExat3,liver:3:1
76,liver:3,ROMAGNOL_RAVENNATE,fegat,liver:3:1
77,liver:4,EMILIANO_CARPIGIANO,fedeg,liver:4:1
78,liver:4,EMILIANO_REGGIANO,fedeg,liver:4:2
79,liver:6,GASCON,hiCe,liver:6:1
80,liver:7,LOMBARD_BERGAMO,fidek,liver:7:1
81,liver:7,LOMBARD_PLESIO,fidEk,liver:7:1
82,liver:9,NONES_GARDENESE,foSk,liver:9:1
83,liver:7,PIEMONTESE_BARBANIA,fidik,liver:7:1
84,liver:7,PIEMONTESE_CARMAGNOLA,fidik,liver:7:2
85,liver:7,PIEMONTESE_LANZO_TORINESE,fidik,liver:7:3
86,liver:7,PIEMONTESE_VERCELLESE,fidik,liver:7:4
87,liver:8,NONES_FASSANO,neygEr,liver:8:1
88,liver:10,ROMANIAN_MEGLENO,drop,liver:10:1
89,liver:11,ROMANSH_GRISHUN,5irom,liver:11:1
90,liver:11,ROMANSH_SURMIRAN,nirom,liver:11:1
91,liver:11,ROMANSH_VALLADER,53rom,liver:11:1
92,liver:12,ROMANSH_SURSILVAN,dir,liver:12:1
93,breast:0,ALBANIAN_GHEG,gji,breast:0:1
94,breast:1,ALBANIAN,kraharor,breast:1:1
95,breast:2,ALBANIAN_TOSK,Toks,breast:2:1
96,breast:3,ARAGONESE,peito,breast:3:1
97,breast:4,ASTURIAN,peCu,breast:4:1
98,breast:5,CATALAN,pit,breast:5:1
99,breast:4,CORSICAN,petu,breast:4:1
100,breast:5,DALMATIAN,piat,breast:5:1
101,breast:3,EMILIANO_CARPIGIANO,pEt,breast:3:1
102,breast:3,EMILIANO_FERRARESE,pEt,breast:3:2
103,breast:4,FRIULIAN,pet,breast:4:1
104,breast:3,GALICIAN,pEito,breast:3:1
105,breast:3,ITALIAN,pEtto,breast:3:1
106,breast:3,ITALIAN_GROSSETO_TUSCAN,pEto,breast:3:1
107,breast:9,JUDEO_ESPAGNOL,peCo,breast:9:1
108,breast:4,LIGURIAN_GENOESE,petu,breast:4:2
109,breast:3,LIGURIAN_STELLA,pEtu,breast:3:1
110,breast:4,NEAPOLITAN_CALABRESE,pyetE,breast:4:1
111,breast:4,NONES_FASSANO,pyet,breast:4:1
112,breast:4,NONES_GARDENESE,pyet,breast:4:2
113,breast:3,PIEMONTESE_BARBANIA,pEt,breast:3:3
114,breast:3,PIEMONTESE_LANZO_TORINESE,pEt,breast:3:4
115,breast:3,ROMAGNOL_RAVENNATE,pE3t,breast:3:1
116,breast:4,ROMANIAN,pept,breast:4:1
117,breast:4,ROMANIAN_MEGLENO,Ciept,breast:4:1
118,breast:3,ROMANSH_GRISHUN,pET,breast:3:1
119,breast:3,ROMANSH_SURMIRAN,pET,breast:3:2
120,breast:3,ROMANSH_SURSILVAN,pEc,breast:3:1
121,breast:4,ROMANSH_VALLADER,pet,breast:4:2
122,breast:4,SARDINIAN,petus,breast:4:1
123,breast:14,SARDINIAN_CAMPIDANESE,pitura,breast:14:1
124,breast:15,SARDINIAN_LOGUDARESE,petora,breast:15:1
125,breast:4,SICILIAN_UnnamedInSource,petu,breast:4:3
126,breast:9,SPANISH,peCo,breast:9:2
127,breast:17,VLACH,keptu,breast:17:1
128,breast:6,EMILIANO_REGGIANO,stom3g,breast:6:1
129,breast:6,LOMBARD_BERGAMO,stomEk,breast:6:1
130,breast:6,LOMBARD_PLESIO,StumEk,breast:6:1
131,breast:6,PIEMONTESE_CARMAGNOLA,stomi,breast:6:1
132,breast:6,PIEMONTESE_VERCELLESE,stomik,breast:6:1
133,breast:7,FRENCH,patrin,breast:7:1
134,breast:8,GASCON,pupo,breast:8:1
135,breast:8,LANGUEDOCIEN,pupo,breast:8:2
136,breast:10,LIGURIAN_RAPALLO,kaSeta,breast:10:1
137,breast:11,NONES,livEr,breast:11:1
138,breast:12,PORTUGUESE,saiuS,breast:12:1
139,breast:13,ROMANIAN_2,s3n,breast:13:1
140,breast:16,TURIA_AROMANIAN,caca,breast:16:1
141,come:0,ALBANIAN_GHEG,yak3,come:0:1
142,come:1,ALBANIAN,viy,come:1:1
143,come:1,ALBANIAN_TOSK,viy,come:1:2
144,come:2,ARAGONESE,benir,come:2:1
145,come:2,SARDINIAN,benere,come:2:1
146,come:2,SARDINIAN_LOGUDARESE,benere,come:2:2
147,come:2,ARPITAN,v35i,come:2:1
148,come:2,ASTURIAN,venir,come:2:1
149,come:2,DALMATIAN,venar,come:2:1
150,come:5,FRENCH,v3ni,come:5:1
151,come:2,FRIULIAN,vi5ei,come:2:1
152,come:2,ITALIAN_GROSSETO_TUSCAN,venire,come:2:1
153,come:2,JUDEO_ESPAGNOL,venir,come:2:2
154,come:3,LANGUEDOCIEN,bEni,come:3:1
155,come:2,LIGURIAN_GENOESE,ve5i,come:2:1
156,come:2,LIGURIAN_RAPALLO,ve5i,come:2:2
157,come:2,LIGURIAN_STELLA,ve5i,come:2:3
158,come:2,LOMBARD_PLESIO,ve5i,come:2:4
159,come:5,NEAPOLITAN_CALABRESE,v3ni,come:5:2
160,come:8,NONES,vEnEr,come:8:1
161,come:2,NONES_FASSANO,ve5ir,come:2:1
162,come:9,NONES_GARDENESE,uni,come:9:1
163,come:5,PIEMONTESE_BARBANIA,vni,come:5:1
164,come:5,PIEMONTESE_CARMAGNOLA,vni,come:5:2
165,come:5,PIEMONTESE_LANZO_TORINESE,vni,come:5:3
166,come:5,ROMAGNOL_RAVENNATE,vni,come:5:4
167,come:2,ROMANIAN,ven,come:2:1
168,come:2,ROMANIAN_2,veny,come:2:1
169,come:11,ROMANIAN_MEGLENO,vin,come:11:1
170,come:2,ROMANSH_GRISHUN,v35ir,come:2:1
171,come:2,ROMANSH_SURSILVAN,ve5ir,come:2:2
172,come:3,SARDINIAN_CAMPIDANESE,bEni,come:3:2
173,come:2,SICILIAN_UnnamedInSource,veniri,come:2:1
174,come:2,SPANISH,veni,come:2:1
175,come:13,VLACH,gini,come:13:1
176,come:3,CATALAN,b3ni,come:3:1
177,come:3,CATALAN_2,b3ni,come:3:2
178,come:4,CORSICAN,vEn,come:4:1
179,come:4,ITALIAN,vEn,come:4:2
180,come:2,EMILIANO_CARPIGIANO,5ir,come:2:1
181,come:2,EMILIANO_FERRARESE,5ir,come:2:2
182,come:2,EMILIANO_REGGIANO,5ir,come:2:3
183,come:2,GALICIAN,bir,come:2:1
184,come:6,GASCON,biene,come:6:1
185,come:10,OCCITAN_ARANESE,bie,come:10:1
186,come:2,PIEMONTESE_VERCELLESE,5i,come:2:1
187,come:2,PORTUGUESE,vir,come:2:1
188,come:2,ROMANSH_VALLADER,5ir,come:2:4
189,come:7,LOMBARD_BERGAMO,E5,come:7:1
190,come:12,ROMANSH_SURMIRAN,nEkr,come:12:1
191,I:0,ALBANIAN_GHEG,un3,I:0:1
192,I:0,ALBANIAN,un3,I:0:2
193,I:0,ALBANIAN_TOSK,un3,I:0:3
194,I:1,ARAGONESE,yo,I:1:1
195,I:3,ASTURIAN,yo,I:3:2
196,I:7,DALMATIAN,yu,I:7:1
197,I:11,FRIULIAN,yo,I:11:3
198,I:14,JUDEO_ESPAGNOL,yo,I:14:4
199,I:17,NONES_GARDENESE,ye,I:17:1
200,I:21,ROMANIAN_MEGLENO,yo,I:21:5
201,I:22,ROMANSH_GRISHUN,yaw,I:22:1
202,I:24,ROMANSH_SURSILVAN,yEu,I:24:1
203,I:29,SPANISH,yo,I:29:6
204,I:30,TURIA_AROMANIAN,yo,I:30:7
205,I:31,VALENCIAN,yo,I:31:8
206,I:2,ARPITAN,Z3,I:2:1
207,I:5,CATALAN,Zo,I:5:1
208,I:5,CATALAN_2,Zo,I:5:2
209,I:16,NONES_FASSANO,Ze,I:16:1
210,I:18,OCCITAN_ARANESE,Zu,I:18:1
211,I:4,BALEAR_CATALAN,jo,I:4:1
212,I:2,FRENCH,j3,I:2:1
213,I:4,GASCON,jo,I:4:2
214,I:6,CORSICAN,eyu,I:6:1
215,I:19,PORTUGUESE,eu,I:19:1
216,I:20,ROMANIAN_2,ew,I:20:1
217,I:19,VLACH,eu,I:19:2
218,I:8,EMILIANO_CARPIGIANO,mE,I:8:1
219,I:9,EMILIANO_FERRARESE,mi,I:9:1
220,I:10,EMILIANO_REGGIANO,me,I:10:1
221,I:9,LIGURIAN_GENOESE,mi,I:9:2
222,I:9,LIGURIAN_RAPALLO,mi,I:9:3
223,I:9,LIGURIAN_STELLA,mi,I:9:4
224,I:10,LOMBARD_BERGAMO,me,I:10:2
225,I:9,LOMBARD_PLESIO,mi,I:9:5
226,I:9,NONES,mi,I:9:6
227,I:9,PIEMONTESE_BARBANIA,mi,I:9:7
228,I:9,PIEMONTESE_CARMAGNOLA,mi,I:9:8
229,I:9,PIEMONTESE_LANZO_TORINESE,mi,I:9:9
230,I:9,PIEMONTESE_VERCELLESE,mi,I:9:10
231,I:10,ROMAGNOL_RAVENNATE,me,I:10:3
232,I:12,ITALIAN,io,I:12:1
233,I:13,ITALIAN_GROSSETO_TUSCAN,io,I:13:2
234,I:15,NEAPOLITAN_CALABRESE,iy3,I:15:1
235,I:23,ROMANSH_SURMIRAN,i3,I:23:1
236,I:28,SICILIAN_UnnamedInSource,iu,I:28:1
237,I:25,ROMANSH_VALLADER,Ew,I:25:1
238,I:27,SARDINIAN_CAMPIDANESE,dEw,I:27:1
239,I:26,SARDINIAN,deo,I:26:1
240,I:26,SARDINIAN_LOGUDARESE,deo,I:26:2
241,you:0,ALBANIAN_GHEG,yu,you:0:1
242,you:1,ALBANIAN,ju,you:1:1
243,you:2,ALBANIAN_TOSK,ti,you:2:1
244,you:3,ARAGONESE,tu,you:3:1
245,you:4,ARPITAN,t3,you:4:1
246,you:3,ASTURIAN,tu,you:3:2
247,you:3,BALEAR_CATALAN,tu,you:3:3
248,you:3,CATALAN,tu,you:3:4
249,you:3,CATALAN_2,tu,you:3:5
250,you:3,CORSICAN,tu,you:3:6
251,you:3,DALMATIAN,tu,you:3:7
252,you:5,EMILIANO_CARPIGIANO,tE,you:5:1
253,you:2,EMILIANO_FERRARESE,ti,you:2:2
254,you:6,EMILIANO_REGGIANO,te,you:6:1
255,you:2,FRENCH,ti,you:2:3
256,you:3,FRIULIAN,tu,you:3:8
257,you:2,GALICIAN,ti,you:2:4
258,you:2,GASCON,ti,you:2:5
259,you:3,ITALIAN,tu,you:3:9
260,you:6,ITALIAN_GROSSETO_TUSCAN,te,you:6:2
261,you:2,LANGUEDOCIEN,ti,you:2:6
262,you:2,LIGURIAN_GENOESE,ti,you:2:7
263,you:2,LIGURIAN_RAPALLO,ti,you:2:8
264,you:2,LIGURIAN_STELLA,ti,you:2:9
265,you:6,LOMBARD_BERGAMO,te,you:6:3
266,you:2,LOMBARD_PLESIO,ti,you:2:10
267,you:3,NEAPOLITAN_CALABRESE,tu,you:3:10
268,you:2,NONES,ti,you:2:11
269,you:3,NONES_GARDENESE,tu,you:3:11
270,you:2,OCCITAN_ARANESE,ti,you:2:12
271,you:2,PIEMONTESE_BARBANIA,ti,you:2:13
272,you:2,PIEMONTESE_CARMAGNOLA,ti,you:2:14
273,you:2,PIEMONTESE_LANZO_TORINESE,ti,you:2:15
274,you:2,PIEMONTESE_VERCELLESE,ti,you:2:16
275,you:3,PORTUGUESE,tu,you:3:12
276,you:6,ROMAGNOL_RAVENNATE,te,you:6:4
277,you:3,ROMANIAN,tu,you:3:13
278,you:3,ROMANIAN_2,tu,you:3:14
279,you:3,ROMANIAN_MEGLENO,tu,you:3:15
280,you:2,ROMANSH_GRISHUN,ti,you:2:17
281,you:6,ROMANSH_SURMIRAN,te,you:6:5
282,you:2,ROMANSH_SURSILVAN,ti,you:2:18
283,you:3,ROMANSH_VALLADER,tu,you:3:16
284,you:8,SARDINIAN_CAMPIDANESE,tuy,you:8:1
285,you:9,SARDINIAN_LOGUDARESE,tue,you:9:1
286,you:11,TURIA_AROMANIAN,tini,you:11:1
287,you:3,VALENCIAN,tu,you:3:17
288,you:11,VLACH,tini,you:11:2
289,you:7,JUDEO_ESPAGNOL,vos,you:7:1
290,you:10,SPANISH,ustet,you:10:1
291,star:0,ALBANIAN_GHEG,iL,star:0:1
292,star:1,ALBANIAN,ill,star:1:1
293,star:2,ALBANIAN_TOSK,uL,star:2:1
294,star:3,ARAGONESE,estrela,star:3:1
295,star:3,ARPITAN,etela,star:3:1
296,star:3,ASTURIAN,estrella,star:3:1
297,star:4,FRENCH,etol,star:4:1
298,star:3,GALICIAN,Estrela,star:3:1
299,star:3,GASCON,estero,star:3:1
300,star:3,JUDEO_ESPAGNOL,estreya,star:3:1
301,star:3,LANGUEDOCIEN,estelo,star:3:1
302,star:3,OCCITAN_ARANESE,estelo,star:3:2
303,star:3,PORTUGUESE,3Strela,star:3:1
304,star:3,SPANISH,estreya,star:3:2
305,star:3,VALENCIAN,estrEla,star:3:1
306,star:3,BALEAR_CATALAN,3stEl,star:3:1
307,star:3,CATALAN,3streL3,star:3:1
308,star:3,CATALAN_2,3stEl,star:3:2
309,star:3,CORSICAN,Steda,star:3:1
310,star:3,DALMATIAN,stala,star:3:1
311,star:3,EMILIANO_CARPIGIANO,stEla,star:3:1
312,star:3,EMILIANO_FERRARESE,stEla,star:3:2
313,star:3,EMILIANO_REGGIANO,strEla,star:3:1
314,star:3,FRIULIAN,stelE,star:3:1
315,star:3,ITALIAN,stella,star:3:1
316,star:3,ITALIAN_GROSSETO_TUSCAN,stela,star:3:1
317,star:3,LIGURIAN_GENOESE,stela,star:3:2
318,star:3,LIGURIAN_RAPALLO,stela,star:3:3
319,star:3,LIGURIAN_STELLA,StEya,star:3:1
320,star:3,LOMBARD_BERGAMO,stEla,star:3:3
321,star:3,LOMBARD_PLESIO,StEla,star:3:1
322,star:3,NEAPOLITAN_CALABRESE,stel3,star:3:1
323,star:3,NONES_FASSANO,Steyla,star:3:1
324,star:3,NONES_GARDENESE,St3yla,star:3:1
325,star:3,PIEMONTESE_BARBANIA,stEyla,star:3:1
326,star:3,PIEMONTESE_CARMAGNOLA,stEyla,star:3:2
327,star:3,PIEMONTESE_LANZO_TORINESE,stEyla,star:3:3
328,star:3,PIEMONTESE_VERCELLESE,stola,star:3:1
329,star:3,ROMAGNOL_RAVENNATE,ste3la,star:3:1
330,star:3,ROMANIAN,stea,star:3:1
331,star:3,ROMANIAN_2,stea,star:3:2
332,star:3,ROMANIAN_MEGLENO,stew3,star:3:1
333,star:3,ROMANSH_GRISHUN,Stayl3,star:3:1
334,star:3,ROMANSH_SURMIRAN,stEyl3,star:3:1
335,star:3,ROMANSH_SURSILVAN,Steil3,star:3:1
336,star:3,ROMANSH_VALLADER,stayl3,star:3:1
337,star:3,SARDINIAN,isteda,star:3:1
338,star:3,SARDINIAN_CAMPIDANESE,stEda,star:3:1
339,star:3,SARDINIAN_LOGUDARESE,isteda,star:3:2
340,star:3,SICILIAN_UnnamedInSource,stida,star:3:1
341,star:3,VLACH,stiaua,star:3:1
342,bone:0,ALBANIAN_GHEG,aSt,bone:0:1
343,bone:0,ALBANIAN,aSt,bone:0:2
344,bone:0,ALBANIAN_TOSK,aSt,bone:0:3
345,bone:1,ARAGONESE,geso,bone:1:1
346,bone:2,ASTURIAN,uesu,bone:2:1
347,bone:1,JUDEO_ESPAGNOL,gueso,bone:1:1
348,bone:3,BALEAR_CATALAN,os,bone:3:1
349,bone:3,CATALAN,os,bone:3:2
350,bone:3,CATALAN_2,os,bone:3:3
351,bone:4,CORSICAN,osu,bone:4:1
352,bone:5,DALMATIAN,vuas,bone:5:1
353,bone:3,EMILIANO_CARPIGIANO,os,bone:3:4
354,bone:3,EMILIANO_FERRARESE,os,bone:3:5
355,bone:3,EMILIANO_REGGIANO,os,bone:3:6
356,bone:3,FRENCH,os,bone:3:7
357,bone:6,FRIULIAN,ves,bone:6:1
358,bone:7,GALICIAN,oso,bone:7:1
359,bone:3,GASCON,os,bone:3:8
360,bone:8,ITALIAN,osso,bone:8:1
361,bone:7,ITALIAN_GROSSETO_TUSCAN,oso,bone:7:2
362,bone:3,LANGUEDOCIEN,os,bone:3:9
363,bone:9,LIGURIAN_GENOESE,Esu,bone:9:1
364,bone:4,LIGURIAN_RAPALLO,osu,bone:4:2
365,bone:4,LIGURIAN_STELLA,osu,bone:4:3
366,bone:3,LOMBARD_BERGAMO,os,bone:3:10
367,bone:3,LOMBARD_PLESIO,os,bone:3:11
368,bone:10,NEAPOLITAN_CALABRESE,wos3,bone:10:1
369,bone:3,NONES,os,bone:3:12
370,bone:3,NONES_FASSANO,os,bone:3:13
371,bone:3,NONES_GARDENESE,os,bone:3:14
372,bone:3,OCCITAN_ARANESE,os,bone:3:15
373,bone:3,PIEMONTESE_BARBANIA,os,bone:3:16
374,bone:3,PIEMONTESE_CARMAGNOLA,os,bone:3:17
375,bone:3,PIEMONTESE_LANZO_TORINESE,os,bone:3:18
376,bone:3,PIEMONTESE_VERCELLESE,os,bone:3:19
377,bone:4,PORTUGUESE,osu,bone:4:4
378,bone:3,ROMAGNOL_RAVENNATE,os,bone:3:20
379,bone:3,ROMANIAN,os,bone:3:21
380,bone:3,ROMANIAN_2,os,bone:3:22
381,bone:10,ROMANIAN_MEGLENO,wos,bone:10:1
382,bone:3,ROMANSH_GRISHUN,os,bone:3:23
383,bone:3,ROMANSH_SURMIRAN,os,bone:3:24
384,bone:11,ROMANSH_SURSILVAN,ies,bone:11:1
385,bone:3,ROMANSH_VALLADER,os,bone:3:25
386,bone:4,SARDINIAN,osu,bone:4:5
387,bone:4,SARDINIAN_CAMPIDANESE,osu,bone:4:6
388,bone:4,SARDINIAN_LOGUDARESE,osu,bone:4:7
389,bone:4,SICILIAN_UnnamedInSource,osu,bone:4:8
390,bone:1,SPANISH,weso,bone:1:1
391,bone:3,TURIA_AROMANIAN,os,bone:3:26
392,bone:3,VALENCIAN,os,bone:3:27
393,new:0,ALBANIAN_GHEG,ri,new:0:1
394,new:1,ALBANIAN,iri,new:1:1
395,new:0,ALBANIAN_TOSK,ri,new:0:2
396,new:2,ARAGONESE,nuebo,new:2:1
397,new:3,ARPITAN,novo,new:3:1
398,new:2,ASTURIAN,nuevu,new:2:1
399,new:4,BALEAR_CATALAN,now,new:4:1
400,new:5,CATALAN,nou,new:5:1
401,new:4,CATALAN_2,now,new:4:2
402,new:6,DALMATIAN,nuf,new:6:1
403,new:3,EMILIANO_CARPIGIANO,nov,new:3:1
404,new:3,EMILIANO_FERRARESE,nov,new:3:2
405,new:3,EMILIANO_REGGIANO,nov,new:3:3
406,new:2,FRENCH,nuvo,new:2:1
407,new:7,FRIULIAN,5ouf,new:7:1
408,new:3,GALICIAN,nobo,new:3:1
409,new:8,GASCON,nau,new:8:1
410,new:3,ITALIAN,nwovo,new:3:1
411,new:3,ITALIAN_GROSSETO_TUSCAN,novo,new:3:2
412,new:2,JUDEO_ESPAGNOL,muevo,new:2:1
413,new:9,LANGUEDOCIEN,naw,new:9:1
414,new:10,LIGURIAN_GENOESE,nEvu,new:10:1
415,new:10,LIGURIAN_RAPALLO,nEvu,new:10:2
416,new:10,LIGURIAN_STELLA,nEvu,new:10:3
417,new:11,LOMBARD_BERGAMO,nof,new:11:1
418,new:11,LOMBARD_PLESIO,nof,new:11:2
419,new:3,NEAPOLITAN_CALABRESE,nwov3,new:3:1
420,new:12,NONES,neo,new:12:1
421,new:13,NONES_FASSANO,nef,new:13:1
422,new:13,NONES_GARDENESE,nwef,new:13:1
423,new:8,OCCITAN_ARANESE,nau,new:8:2
424,new:3,PIEMONTESE_BARBANIA,nov,new:3:4
425,new:4,PIEMONTESE_CARMAGNOLA,now,new:4:3
426,new:3,PIEMONTESE_LANZO_TORINESE,nov,new:3:5
427,new:11,PIEMONTESE_VERCELLESE,nof,new:11:3
428,new:10,PORTUGUESE,novu,new:10:1
429,new:3,ROMAGNOL_RAVENNATE,no3v,new:3:1
430,new:5,ROMANIAN,nou,new:5:2
431,new:4,ROMANIAN_2,now,new:4:4
432,new:4,ROMANIAN_MEGLENO,now,new:4:5
433,new:11,ROMANSH_GRISHUN,nof,new:11:4
434,new:11,ROMANSH_SURMIRAN,nof,new:11:5
435,new:13,ROMANSH_SURSILVAN,nief,new:13:1
436,new:4,ROMANSH_VALLADER,nowf,new:4:1
437,new:5,SARDINIAN,nou,new:5:3
438,new:4,SARDINIAN_CAMPIDANESE,now,new:4:6
439,new:10,SARDINIAN_LOGUDARESE,novu,new:10:2
440,new:10,SICILIAN_UnnamedInSource,novu,new:10:3
441,new:2,SPANISH,nuevo,new:2:1
442,new:4,VALENCIAN,now,new:4:7
443,new:5,VLACH,nou,new:5:4
444,full:0,ALBANIAN_GHEG,cit3,full:0:1
445,full:6,EMILIANO_CARPIGIANO,pin,full:6:1
446,full:6,EMILIANO_FERRARESE,pin,full:6:2
447,full:6,EMILIANO_REGGIANO,pin,full:6:3
448,full:10,LIGURIAN_GENOESE,piN,full:10:1
449,full:10,LIGURIAN_RAPALLO,piN,full:10:2
450,full:14,NEAPOLITAN_CALABRESE,kin3,full:14:1
451,full:10,PIEMONTESE_VERCELLESE,piN,full:10:3
452,full:6,ROMAGNOL_RAVENNATE,pin,full:6:4
453,full:18,SICILIAN_UnnamedInSource,Cinu,full:18:1
454,full:1,ALBANIAN,embuSurplotme,full:1:1
455,full:2,ALBANIAN_TOSK,plot3,full:2:1
456,full:3,ARAGONESE,pleno,full:3:1
457,full:4,ARPITAN,plE,full:4:1
458,full:4,BALEAR_CATALAN,plE,full:4:2
459,full:4,CATALAN,plE,full:4:3
460,full:4,CATALAN_2,plE,full:4:4
461,full:6,DALMATIAN,plain,full:6:1
462,full:7,FRENCH,pl3,full:7:1
463,full:3,FRIULIAN,plen,full:3:1
464,full:3,GASCON,ple,full:3:1
465,full:3,LANGUEDOCIEN,ple,full:3:2
466,full:11,LIGURIAN_STELLA,CEN,full:11:1
467,full:12,LOMBARD_BERGAMO,pye,full:12:1
468,full:13,LOMBARD_PLESIO,pyee,full:13:1
469,full:3,NONES,plen,full:3:2
470,full:13,NONES_FASSANO,pye5,full:13:1
471,full:7,NONES_GARDENESE,pl35,full:7:1
472,full:3,OCCITAN_ARANESE,pleN,full:3:1
473,full:15,PIEMONTESE_BARBANIA,pyEN,full:15:1
474,full:15,PIEMONTESE_CARMAGNOLA,pyEN,full:15:2
475,full:15,PIEMONTESE_LANZO_TORINESE,pyEN,full:15:3
476,full:6,ROMANIAN,plin,full:6:1
477,full:6,ROMANIAN_2,plin,full:6:2
478,full:6,ROMANIAN_MEGLENO,plin,full:6:3
479,full:7,ROMANSH_GRISHUN,playn,full:7:1
480,full:7,ROMANSH_SURMIRAN,pla5,full:7:1
481,full:6,ROMANSH_SURSILVAN,plein,full:6:1
482,full:7,ROMANSH_VALLADER,playn,full:7:2
483,full:17,SARDINIAN,prenu,full:17:1
484,full:17,SARDINIAN_CAMPIDANESE,prenu,full:17:2
485,full:17,SARDINIAN_LOGUDARESE,prenu,full:17:3
486,full:4,VALENCIAN,plE,full:4:5
487,full:6,VLACH,mplinu,full:6:1
488,full:5,ASTURIAN,Leno,full:5:1
489,full:8,GALICIAN,Ceo,full:8:1
490,full:5,JUDEO_ESPAGNOL,yeno,full:5:1
491,full:5,SPANISH,yeno,full:5:2
492,full:9,ITALIAN,pyEno,full:9:1
493,full:9,ITALIAN_GROSSETO_TUSCAN,pyEno,full:9:2
494,full:16,PORTUGUESE,Seyu,full:16:1
495,horn:0,ALBANIAN_GHEG,bri,horn:0:1
496,horn:0,ALBANIAN,bri,horn:0:2
497,horn:0,ALBANIAN_TOSK,bri,horn:0:3
498,horn:1,ARAGONESE,kerno,horn:1:1
499,horn:1,ASTURIAN,kuernu,horn:1:1
500,horn:1,CATALAN,korn,horn:1:1
501,horn:3,CORSICAN,kori,horn:3:1
502,horn:4,DALMATIAN,kuarN,horn:4:1
503,horn:1,EMILIANO_CARPIGIANO,koren,horn:1:1
504,horn:1,EMILIANO_FERRARESE,koran,horn:1:1
505,horn:1,EMILIANO_REGGIANO,koren,horn:1:2
506,horn:1,FRENCH,korn,horn:1:2
507,horn:5,FRIULIAN,kar,horn:5:1
508,horn:1,GALICIAN,korno,horn:1:1
509,horn:1,GASCON,korno,horn:1:2
510,horn:1,ITALIAN,korno,horn:1:3
511,horn:1,ITALIAN_GROSSETO_TUSCAN,korno,horn:1:4
512,horn:1,JUDEO_ESPAGNOL,kuerno,horn:1:1
513,horn:1,LANGUEDOCIEN,korno,horn:1:5
514,horn:1,LIGURIAN_GENOESE,kornu,horn:1:1
515,horn:1,LIGURIAN_RAPALLO,kornu,horn:1:2
516,horn:1,LIGURIAN_STELLA,kornu,horn:1:3
517,horn:1,LOMBARD_BERGAMO,koren,horn:1:3
518,horn:1,LOMBARD_PLESIO,kornu,horn:1:4
519,horn:1,NEAPOLITAN_CALABRESE,korn3,horn:1:1
520,horn:1,NONES,korn,horn:1:3
521,horn:1,NONES_FASSANO,korn,horn:1:4
522,horn:1,NONES_GARDENESE,korn,horn:1:5
523,horn:1,OCCITAN_ARANESE,korno,horn:1:6
524,horn:1,PIEMONTESE_BARBANIA,korn,horn:1:6
525,horn:1,PIEMONTESE_CARMAGNOLA,korn,horn:1:7
526,horn:1,PIEMONTESE_LANZO_TORINESE,korn,horn:1:8
527,horn:1,PIEMONTESE_VERCELLESE,kornu,horn:1:5
528,horn:1,ROMAGNOL_RAVENNATE,ko3ran,horn:1:1
529,horn:1,ROMANIAN,korn,horn:1:9
530,horn:1,ROMANIAN_2,korn,horn:1:10
531,horn:1,ROMANIAN_MEGLENO,korn,horn:1:11
532,horn:1,ROMANSH_GRISHUN,korn3,horn:1:2
533,horn:1,ROMANSH_SURMIRAN,korn3,horn:1:3
534,horn:1,ROMANSH_VALLADER,korn3,horn:1:4
535,horn:1,SARDINIAN,koru,horn:1:1
536,horn:1,SARDINIAN_CAMPIDANESE,koru,horn:1:2
537,horn:1,SARDINIAN_LOGUDARESE,koru,horn:1:3
538,horn:1,SICILIAN_UnnamedInSource,kornutu,horn:1:1
539,horn:1,SPANISH,kerno,horn:1:2
540,horn:1,TURIA_AROMANIAN,kornu,horn:1:6
541,horn:2,BALEAR_CATALAN,ba53,horn:2:1
542,horn:2,CATALAN_2,ba53,horn:2:2
543,horn:2,VALENCIAN,ba5a,horn:2:1
544,horn:6,PORTUGUESE,Sifr3,horn:6:1
545,horn:7,ROMANSH_SURSILVAN,Ciern,horn:7:1
546,leaf:0,ALBANIAN_GHEG,flet3,leaf:0:1
547,leaf:0,ALBANIAN_TOSK,flEt3,leaf:0:1
548,leaf:1,ALBANIAN,Tethe,leaf:1:1
549,leaf:2,ARAGONESE,fueLa,leaf:2:1
550,leaf:2,ASTURIAN,fueya,leaf:2:1
551,leaf:6,GASCON,wueyo,leaf:6:1
552,leaf:9,OCCITAN_ARANESE,ueLo,leaf:9:1
553,leaf:3,ARPITAN,foL3,leaf:3:1
554,leaf:3,BALEAR_CATALAN,fuL3,leaf:3:1
555,leaf:3,CATALAN,fuL3,leaf:3:2
556,leaf:3,CATALAN_2,fuL3,leaf:3:3
557,leaf:2,CORSICAN,foLa,leaf:2:1
558,leaf:2,DALMATIAN,fuaLa,leaf:2:1
559,leaf:2,EMILIANO_CARPIGIANO,foya,leaf:2:1
560,leaf:2,EMILIANO_FERRARESE,foya,leaf:2:2
561,leaf:2,EMILIANO_REGGIANO,foya,leaf:2:3
562,leaf:4,FRENCH,f3y,leaf:4:1
563,leaf:5,FRIULIAN,feE,leaf:5:1
564,leaf:2,GALICIAN,foLa,leaf:2:2
565,leaf:2,ITALIAN,foLa,leaf:2:3
566,leaf:2,ITALIAN_GROSSETO_TUSCAN,foLa,leaf:2:4
567,leaf:2,JUDEO_ESPAGNOL,oxa,leaf:2:1
568,leaf:7,LANGUEDOCIEN,fiElo,leaf:7:1
569,leaf:2,LIGURIAN_GENOESE,foya,leaf:2:4
570,leaf:2,LIGURIAN_RAPALLO,foya,leaf:2:5
571,leaf:2,LIGURIAN_STELLA,fEya,leaf:2:1
572,leaf:2,LOMBARD_BERGAMO,foya,leaf:2:6
573,leaf:2,LOMBARD_PLESIO,foya,leaf:2:7
574,leaf:2,NEAPOLITAN_CALABRESE,foy3,leaf:2:1
575,leaf:2,NONES,foya,leaf:2:8
576,leaf:2,NONES_FASSANO,foa,leaf:2:1
577,leaf:2,PIEMONTESE_BARBANIA,foya,leaf:2:9
578,leaf:2,PIEMONTESE_CARMAGNOLA,foya,leaf:2:10
579,leaf:2,PIEMONTESE_LANZO_TORINESE,foya,leaf:2:11
580,leaf:2,PIEMONTESE_VERCELLESE,foya,leaf:2:12
581,leaf:2,PORTUGUESE,foLa,leaf:2:5
582,leaf:2,ROMAGNOL_RAVENNATE,foya,leaf:2:13
583,leaf:10,ROMANIAN_2,foaie,leaf:10:1
584,leaf:11,ROMANSH_GRISHUN,feL,leaf:11:1
585,leaf:12,ROMANSH_SURMIRAN,fiL,leaf:12:1
586,leaf:13,ROMANSH_SURSILVAN,fEL,leaf:13:1
587,leaf:3,ROMANSH_VALLADER,foL3,leaf:3:2
588,leaf:2,SARDINIAN,foza,leaf:2:1
589,leaf:2,SARDINIAN_CAMPIDANESE,fola,leaf:2:1
590,leaf:2,SARDINIAN_LOGUDARESE,foZa,leaf:2:1
591,leaf:2,SICILIAN_UnnamedInSource,fogia,leaf:2:1
592,leaf:2,SPANISH,oha,leaf:2:1
593,leaf:2,VALENCIAN,fuLa,leaf:2:1
594,leaf:8,NONES_GARDENESE,pleCa,leaf:8:1
595,leaf:3,ROMANIAN,frunz3,leaf:3:1
596,leaf:3,ROMANIAN_MEGLENO,frunz3,leaf:3:2
597,fire:0,ALBANIAN_GHEG,zyarm,fire:0:1
598,fire:0,ALBANIAN_TOSK,zar,fire:0:1
599,fire:1,ALBANIAN,ndez,fire:1:1
600,fire:2,ARAGONESE,fuego,fire:2:1
601,fire:3,ASTURIAN,fueu,fire:3:1
602,fire:2,JUDEO_ESPAGNOL,fuego,fire:2:2
603,fire:4,BALEAR_CATALAN,foT,fire:4:1
604,fire:4,CATALAN,fok,fire:4:1
605,fire:4,CATALAN_2,fok,fire:4:2
606,fire:4,CORSICAN,fogu,fire:4:1
607,fire:2,DALMATIAN,fuk,fire:2:1
608,fire:4,EMILIANO_CARPIGIANO,fog,fire:4:1
609,fire:4,EMILIANO_FERRARESE,fog,fire:4:2
610,fire:4,EMILIANO_REGGIANO,fog,fire:4:3
611,fire:5,FRENCH,fe,fire:5:1
612,fire:4,FRIULIAN,fouk,fire:4:1
613,fire:7,GASCON,huek,fire:7:1
614,fire:4,ITALIAN,fwoko,fire:4:1
615,fire:4,ITALIAN_GROSSETO_TUSCAN,foko,fire:4:1
616,fire:4,LANGUEDOCIEN,fiok,fire:4:1
617,fire:4,LIGURIAN_GENOESE,fEgu,fire:4:1
618,fire:4,LIGURIAN_RAPALLO,fEgu,fire:4:2
619,fire:8,LIGURIAN_STELLA,fE,fire:8:1
620,fire:4,LOMBARD_BERGAMO,fok,fire:4:3
621,fire:4,LOMBARD_PLESIO,fok,fire:4:4
622,fire:4,NEAPOLITAN_CALABRESE,fok3,fire:4:1
623,fire:9,NONES,fec,fire:9:1
624,fire:9,NONES_FASSANO,fek,fire:9:1
625,fire:9,NONES_GARDENESE,fwek,fire:9:1
626,fire:7,OCCITAN_ARANESE,uek,fire:7:1
627,fire:10,PIEMONTESE_BARBANIA,fo,fire:10:1
628,fire:10,PIEMONTESE_CARMAGNOLA,fo,fire:10:2
629,fire:10,PIEMONTESE_LANZO_TORINESE,fo,fire:10:3
630,fire:4,PIEMONTESE_VERCELLESE,fok,fire:4:5
631,fire:4,PORTUGUESE,fogu,fire:4:2
632,fire:2,ROMAGNOL_RAVENNATE,fug,fire:2:1
633,fire:4,ROMANIAN,fok,fire:4:6
634,fire:4,ROMANIAN_2,fok,fire:4:7
635,fire:4,ROMANIAN_MEGLENO,fok,fire:4:8
636,fire:11,ROMANSH_GRISHUN,fyew,fire:11:1
637,fire:12,ROMANSH_SURMIRAN,fi,fire:12:1
638,fire:2,ROMANSH_SURSILVAN,fug,fire:2:2
639,fire:10,ROMANSH_VALLADER,fo,fire:10:4
640,fire:4,SARDINIAN,fogu,fire:4:3
641,fire:4,SARDINIAN_CAMPIDANESE,foxu,fire:4:1
642,fire:4,SARDINIAN_LOGUDARESE,fogu,fire:4:4
643,fire:4,SICILIAN_UnnamedInSource,foku,fire:4:1
644,fire:2,SPANISH,fuego,fire:2:3
645,fire:4,VALENCIAN,fok,fire:4:9
646,fire:4,VLACH,foku,fire:4:2
647,fire:6,GALICIAN,lume,fire:6:1
648,water:0,ALBANIAN_GHEG,uy3,water:0:1
649,water:0,ALBANIAN,uj3,water:0:1
650,water:0,ALBANIAN_TOSK,uy3,water:0:2
651,water:1,ARAGONESE,auga,water:1:1
652,water:1,GALICIAN,auga,water:1:2
653,water:2,ARPITAN,Ewa,water:2:1
654,water:1,ASTURIAN,agua,water:1:1
655,water:5,CORSICAN,akwa,water:5:1
656,water:6,DALMATIAN,yakua,water:6:1
657,water:5,EMILIANO_CARPIGIANO,akwa,water:5:2
658,water:5,EMILIANO_FERRARESE,akwa,water:5:3
659,water:5,EMILIANO_REGGIANO,akva,water:5:1
660,water:8,FRIULIAN,agE,water:8:1
661,water:5,ITALIAN,akwa,water:5:4
662,water:5,ITALIAN_GROSSETO_TUSCAN,akwa,water:5:5
663,water:1,JUDEO_ESPAGNOL,agua,water:1:2
664,water:2,LIGURIAN_GENOESE,egwa,water:2:1
665,water:2,LIGURIAN_RAPALLO,Egwa,water:2:1
666,water:2,LIGURIAN_STELLA,Egwa,water:2:2
667,water:5,LOMBARD_BERGAMO,akwa,water:5:6
668,water:5,LOMBARD_PLESIO,akwa,water:5:7
669,water:5,NEAPOLITAN_CALABRESE,akw3,water:5:1
670,water:5,NONES,aka,water:5:1
671,water:2,NONES_GARDENESE,Ega,water:2:1
672,water:2,PIEMONTESE_BARBANIA,Eva,water:2:1
673,water:5,PIEMONTESE_VERCELLESE,akwa,water:5:8
674,water:2,PORTUGUESE,Ega,water:2:2
675,water:5,ROMAGNOL_RAVENNATE,akva,water:5:2
676,water:4,ROMANSH_GRISHUN,aw3,water:4:1
677,water:4,ROMANSH_SURMIRAN,av3,water:4:1
678,water:4,ROMANSH_VALLADER,aw3,water:4:2
679,water:12,SARDINIAN,aba,water:12:1
680,water:12,SARDINIAN_CAMPIDANESE,aba,water:12:2
681,water:12,SARDINIAN_LOGUDARESE,aba,water:12:3
682,water:5,SICILIAN_UnnamedInSource,aka,water:5:2
683,water:1,SPANISH,aga,water:1:1
684,water:13,TURIA_AROMANIAN,apa,water:13:1
685,water:4,VALENCIAN,aixa,water:4:1
686,water:13,VLACH,apa,water:13:2
687,water:3,BALEAR_CATALAN,aigo,water:3:1
688,water:3,GASCON,aigo,water:3:2
689,water:3,LANGUEDOCIEN,aygo,water:3:1
690,water:4,CATALAN,aix3,water:4:1
691,water:4,CATALAN_2,aix3,water:4:2
692,water:3,OCCITAN_ARANESE,aixuo,water:3:1
693,water:7,FRENCH,o,water:7:1
694,water:9,PIEMONTESE_CARMAGNOLA,eva,water:9:1
695,water:9,PIEMONTESE_LANZO_TORINESE,eva,water:9:2
696,water:10,ROMANIAN,ap3,water:10:1
697,water:10,ROMANIAN_2,ap3,water:10:2
698,water:11,ROMANIAN_MEGLENO,apu,water:11:1
699,dog:0,ALBANIAN_GHEG,qen,dog:0:1
700,dog:0,ALBANIAN,Ten,dog:0:1
701,dog:0,ALBANIAN_TOSK,TEn,dog:0:1
702,dog:1,ARAGONESE,kan,dog:1:1
703,dog:4,BALEAR_CATALAN,ka,dog:4:1
704,dog:7,DALMATIAN,kuoN,dog:7:1
705,dog:8,EMILIANO_CARPIGIANO,kaN,dog:8:1
706,dog:1,EMILIANO_FERRARESE,kan,dog:1:2
707,dog:1,EMILIANO_REGGIANO,kan,dog:1:3
708,dog:8,FRIULIAN,CaN,dog:8:1
709,dog:1,GALICIAN,kan,dog:1:4
710,dog:4,GASCON,ka,dog:4:2
711,dog:1,ITALIAN,kane,dog:1:1
712,dog:1,ITALIAN_GROSSETO_TUSCAN,kane,dog:1:2
713,dog:4,LANGUEDOCIEN,ka,dog:4:3
714,dog:8,LIGURIAN_GENOESE,kaN,dog:8:2
715,dog:8,LIGURIAN_RAPALLO,kaN,dog:8:3
716,dog:8,LIGURIAN_STELLA,kaN,dog:8:4
717,dog:4,LOMBARD_BERGAMO,ka,dog:4:4
718,dog:8,LOMBARD_PLESIO,kaN,dog:8:5
719,dog:1,NEAPOLITAN_CALABRESE,kan3,dog:1:1
720,dog:1,NONES,cain,dog:1:1
721,dog:8,OCCITAN_ARANESE,kaN,dog:8:6
722,dog:8,PIEMONTESE_BARBANIA,kaN,dog:8:7
723,dog:8,PIEMONTESE_CARMAGNOLA,kaN,dog:8:8
724,dog:8,PIEMONTESE_LANZO_TORINESE,kaN,dog:8:9
725,dog:8,PIEMONTESE_VERCELLESE,kaN,dog:8:10
726,dog:10,PORTUGUESE,kau,dog:10:1
727,dog:1,ROMAGNOL_RAVENNATE,kan,dog:1:5
728,dog:1,ROMANIAN,k3ne,dog:1:1
729,dog:1,ROMANIAN_2,kaine,dog:1:1
730,dog:11,ROMANIAN_MEGLENO,koyni,dog:11:1
731,dog:1,ROMANSH_GRISHUN,Tawn,dog:1:1
732,dog:8,ROMANSH_SURMIRAN,TaN,dog:8:1
733,dog:1,ROMANSH_SURSILVAN,Caun,dog:1:1
734,dog:1,ROMANSH_VALLADER,San,dog:1:1
735,dog:1,SARDINIAN,kane,dog:1:3
736,dog:1,SARDINIAN_CAMPIDANESE,kai,dog:1:1
737,dog:1,SARDINIAN_LOGUDARESE,kane,dog:1:4
738,dog:1,SICILIAN_UnnamedInSource,kani,dog:1:1
739,dog:2,ARPITAN,Si,dog:2:1
740,dog:9,FRENCH,Sia,dog:9:1
741,dog:3,ASTURIAN,perru,dog:3:1
742,dog:3,JUDEO_ESPAGNOL,perro,dog:3:1
743,dog:3,SPANISH,pero,dog:3:1
744,dog:5,CATALAN,gos,dog:5:1
745,dog:5,CATALAN_2,gos,dog:5:2
746,dog:5,VALENCIAN,gos,dog:5:3
747,dog:6,CORSICAN,Takaru,dog:6:1
748,dog:8,NONES_FASSANO,Ta5,dog:8:1
749,dog:8,NONES_GARDENESE,Ta5,dog:8:2
750,tree:0,ALBANIAN_GHEG,dru,tree:0:1
751,tree:0,ALBANIAN,dru,tree:0:2
752,tree:1,ALBANIAN_TOSK,pEm3,tree:1:1
753,tree:8,ROMANIAN,pom,tree:8:1
754,tree:2,ARAGONESE,arbol,tree:2:1
755,tree:2,ASTURIAN,arbol,tree:2:2
756,tree:3,ARPITAN,abro,tree:3:1
757,tree:3,BALEAR_CATALAN,abr3,tree:3:1
758,tree:3,CATALAN,abr3,tree:3:2
759,tree:3,CATALAN_2,abr3,tree:3:3
760,tree:2,CORSICAN,arburu,tree:2:1
761,tree:2,DALMATIAN,yarbur,tree:2:1
762,tree:2,EMILIANO_FERRARESE,arbul,tree:2:1
763,tree:2,FRENCH,arbr3,tree:2:1
764,tree:2,FRIULIAN,arbul,tree:2:2
765,tree:2,GALICIAN,arbore,tree:2:1
766,tree:2,GASCON,arbe,tree:2:1
767,tree:4,ITALIAN,albero,tree:4:1
768,tree:2,JUDEO_ESPAGNOL,arvole,tree:2:1
769,tree:2,LANGUEDOCIEN,arbre,tree:2:1
770,tree:6,LIGURIAN_GENOESE,erbu,tree:6:1
771,tree:6,LIGURIAN_RAPALLO,Erbu,tree:6:1
772,tree:6,LIGURIAN_STELLA,Erbu,tree:6:2
773,tree:3,NEAPOLITAN_CALABRESE,ab3r3,tree:3:1
774,tree:2,NONES,arbol,tree:2:3
775,tree:2,OCCITAN_ARANESE,arbe,tree:2:2
776,tree:6,PIEMONTESE_BARBANIA,Erbu,tree:6:3
777,tree:6,PIEMONTESE_CARMAGNOLA,Erbu,tree:6:4
778,tree:2,PORTUGUESE,Ervur3,tree:2:1
779,tree:2,ROMANIAN_2,arbore,tree:2:2
780,tree:2,ROMANIAN_MEGLENO,arbur,tree:2:1
781,tree:2,SARDINIAN,arvure,tree:2:1
782,tree:2,SARDINIAN_LOGUDARESE,arvure,tree:2:2
783,tree:2,SICILIAN_UnnamedInSource,arbulu,tree:2:1
784,tree:2,SPANISH,arbol,tree:2:4
785,tree:2,VALENCIAN,arbre,tree:2:2
786,tree:2,VLACH,arbor,tree:2:1
787,tree:4,EMILIANO_CARPIGIANO,elber,tree:4:1
788,tree:4,EMILIANO_REGGIANO,Elber,tree:4:1
789,tree:4,ROMAGNOL_RAVENNATE,e3lbar,tree:4:1
790,tree:5,ITALIAN_GROSSETO_TUSCAN,pyanta,tree:5:1
791,tree:5,LOMBARD_BERGAMO,pyanta,tree:5:2
792,tree:5,LOMBARD_PLESIO,pyanta,tree:5:3
793,tree:5,PIEMONTESE_LANZO_TORINESE,pyaNta,tree:5:1
794,tree:5,PIEMONTESE_VERCELLESE,pyaNta,tree:5:2
795,tree:5,ROMANSH_GRISHUN,plant3,tree:5:1
796,tree:5,ROMANSH_SURMIRAN,plant3,tree:5:2
797,tree:5,ROMANSH_SURSILVAN,plont3,tree:5:1
798,tree:10,SARDINIAN_CAMPIDANESE,mata,tree:10:1
799,tree:7,NONES_GARDENESE,l3N,tree:7:1
800,tree:9,ROMANSH_VALLADER,bEsS,tree:9:1
801,path:0,ALBANIAN_GHEG,kap8,path:0:1
802,path:2,ARAGONESE,kamin,path:2:1
803,path:2,ARPITAN,Sami,path:2:1
804,path:2,ASTURIAN,kamin,path:2:2
805,path:2,DALMATIAN,kal,path:2:1
806,path:2,GASCON,kami,path:2:1
807,path:2,JUDEO_ESPAGNOL,kamino,path:2:1
808,path:2,LANGUEDOCIEN,kami,path:2:2
809,path:10,ROMANIAN_2,cale,path:10:1
810,path:2,TURIA_AROMANIAN,kali,path:2:1
811,path:2,VALENCIAN,kami,path:2:3
812,path:1,ALBANIAN,Steg,path:1:1
813,path:1,ALBANIAN_TOSK,StEg,path:1:1
814,path:6,LIGURIAN_STELLA,Stro,path:6:1
815,path:2,BALEAR_CATALAN,k3mi,path:2:1
816,path:2,CATALAN,k3mi,path:2:2
817,path:2,CATALAN_2,k3mi,path:2:3
818,path:9,ROMANIAN,k3rare,path:9:1
819,path:3,CORSICAN,Strada,path:3:1
820,path:3,EMILIANO_CARPIGIANO,strEda,path:3:1
821,path:3,EMILIANO_FERRARESE,strada,path:3:1
822,path:3,EMILIANO_REGGIANO,strEda,path:3:2
823,path:3,FRIULIAN,stradE,path:3:1
824,path:3,GALICIAN,Estrada,path:3:1
825,path:5,ITALIAN,sentyaro,path:5:1
826,path:3,ITALIAN_GROSSETO_TUSCAN,strada,path:3:2
827,path:3,LIGURIAN_GENOESE,strada,path:3:3
828,path:3,LIGURIAN_RAPALLO,strada,path:3:4
829,path:3,LOMBARD_BERGAMO,strada,path:3:5
830,path:3,LOMBARD_PLESIO,Strada,path:3:2
831,path:3,NEAPOLITAN_CALABRESE,strat3,path:3:1
832,path:3,NONES,strada,path:3:6
833,path:3,NONES_FASSANO,StrEda,path:3:1
834,path:3,NONES_GARDENESE,StrEda,path:3:2
835,path:3,PIEMONTESE_BARBANIA,stra,path:3:1
836,path:3,PIEMONTESE_CARMAGNOLA,stra,path:3:2
837,path:3,PIEMONTESE_LANZO_TORINESE,stra,path:3:3
838,path:3,PIEMONTESE_VERCELLESE,stra,path:3:4
839,path:8,PORTUGUESE,seda,path:8:1
840,path:3,ROMAGNOL_RAVENNATE,stre3,path:3:1
841,path:14,ROMANSH_SURSILVAN,sEnd3,path:14:1
842,path:3,SARDINIAN,istrada,path:3:1
843,path:3,SARDINIAN_LOGUDARESE,istrada,path:3:2
844,path:3,SICILIAN_UnnamedInSource,strata,path:3:1
845,path:8,SPANISH,senda,path:8:1
846,path:4,FRENCH,rut,path:4:1
847,path:11,ROMANIAN_MEGLENO,drum,path:11:1
848,path:7,OCCITAN_ARANESE,kursEro,path:7:1
849,path:12,ROMANSH_GRISHUN,vi3,path:12:1
850,path:13,ROMANSH_SURMIRAN,vey3,path:13:1
851,path:12,ROMANSH_VALLADER,vi3,path:12:2
852,path:15,SARDINIAN_CAMPIDANESE,aruxa,path:15:1
853,hear:0,ALBANIAN_GHEG,d3goy,hear:0:1
854,hear:0,ALBANIAN,d3gyoy,hear:0:1
855,hear:0,ALBANIAN_TOSK,d3Toy,hear:0:1
856,hear:1,ARAGONESE,sentir,hear:1:1
857,hear:1,BALEAR_CATALAN,s3nti,hear:1:1
858,hear:1,CATALAN,s3nti,hear:1:2
859,hear:1,CATALAN_2,s3nti,hear:1:3
860,hear:1,CORSICAN,sEnt,hear:1:1
861,hear:1,DALMATIAN,sentar,hear:1:1
862,hear:1,EMILIANO_CARPIGIANO,siNtir,hear:1:1
863,hear:1,EMILIANO_FERRARESE,sintir,hear:1:1
864,hear:4,EMILIANO_REGGIANO,sEynter,hear:4:1
865,hear:1,FRIULIAN,sintei,hear:1:1
866,hear:1,ITALIAN_GROSSETO_TUSCAN,sentire,hear:1:1
867,hear:1,LIGURIAN_GENOESE,seNti,hear:1:1
868,hear:1,LIGURIAN_RAPALLO,seNti,hear:1:2
869,hear:1,LIGURIAN_STELLA,seNti,hear:1:3
870,hear:1,LOMBARD_BERGAMO,sinti,hear:1:1
871,hear:1,LOMBARD_PLESIO,senti,hear:1:1
872,hear:1,NEAPOLITAN_CALABRESE,s3nti,hear:1:4
873,hear:1,NONES,senir,hear:1:1
874,hear:1,NONES_FASSANO,sentir,hear:1:2
875,hear:4,PIEMONTESE_BARBANIA,sENte,hear:4:1
876,hear:4,PIEMONTESE_CARMAGNOLA,sENte,hear:4:2
877,hear:4,PIEMONTESE_LANZO_TORINESE,sENte,hear:4:3
878,hear:1,PIEMONTESE_VERCELLESE,seNti,hear:1:4
879,hear:1,ROMAGNOL_RAVENNATE,sinti,hear:1:2
880,hear:14,ROMANSH_SURMIRAN,santkEr,hear:14:1
881,hear:1,SICILIAN_UnnamedInSource,sentiri,hear:1:1
882,hear:1,VALENCIAN,sentir,hear:1:3
883,hear:2,ARPITAN,ekota,hear:2:1
884,hear:3,ASTURIAN,oyer,hear:3:1
885,hear:5,FRENCH,otadr,hear:5:1
886,hear:6,GALICIAN,oir,hear:6:1
887,hear:6,JUDEO_ESPAGNOL,oir,hear:6:2
888,hear:11,PORTUGUESE,ov,hear:11:1
889,hear:6,SPANISH,oir,hear:6:3
890,hear:7,GASCON,auzi,hear:7:1
891,hear:9,LANGUEDOCIEN,awzi,hear:9:1
892,hear:9,NONES_GARDENESE,awdi,hear:9:1
893,hear:7,ROMANIAN,auz,hear:7:1
894,hear:7,ROMANIAN_2,auzy,hear:7:1
895,hear:8,ITALIAN,ud,hear:8:1
896,hear:12,ROMANIAN_MEGLENO,ut,hear:12:1
897,hear:10,OCCITAN_ARANESE,enene,hear:10:1
898,hear:13,ROMANSH_GRISHUN,udir,hear:13:1
899,hear:13,ROMANSH_SURSILVAN,udir,hear:13:2
900,hear:13,ROMANSH_VALLADER,dudir,hear:13:1
901,hear:15,SARDINIAN,intendere,hear:15:1
902,hear:16,SARDINIAN_CAMPIDANESE,intEndi,hear:16:1
903,hear:15,SARDINIAN_LOGUDARESE,intendere,hear:15:2
904,hear:17,VLACH,aseultu,hear:17:1
905,night:0,ALBANIAN_GHEG,nat3,night:0:1
906,night:0,ALBANIAN,nat3,night:0:2
907,night:0,ALBANIAN_TOSK,nat3,night:0:3
908,night:1,ARAGONESE,nueit,night:1:1
909,night:3,ASTURIAN,nueCe,night:3:1
910,night:2,ARPITAN,nE,night:2:1
911,night:4,BALEAR_CATALAN,nit,night:4:1
912,night:4,CATALAN,nit,night:4:2
913,night:4,CATALAN_2,nit,night:4:3
914,night:5,CORSICAN,noti,night:5:1
915,night:6,DALMATIAN,nuat,night:6:1
916,night:5,EMILIANO_CARPIGIANO,not,night:5:1
917,night:5,EMILIANO_FERRARESE,not,night:5:2
918,night:5,EMILIANO_REGGIANO,not,night:5:3
919,night:7,FRENCH,nui,night:7:1
920,night:8,FRIULIAN,5ot,night:8:1
921,night:9,GALICIAN,noite,night:9:1
922,night:5,GASCON,nwoyt,night:5:1
923,night:9,ITALIAN,notte,night:9:1
924,night:9,ITALIAN_GROSSETO_TUSCAN,note,night:9:1
925,night:10,JUDEO_ESPAGNOL,noCe,night:10:1
926,night:8,LANGUEDOCIEN,5oC,night:8:1
927,night:9,LIGURIAN_GENOESE,nEte,night:9:1
928,night:9,LIGURIAN_RAPALLO,nEte,night:9:2
929,night:9,LIGURIAN_STELLA,nECe,night:9:1
930,night:10,LOMBARD_BERGAMO,noC,night:10:1
931,night:10,LOMBARD_PLESIO,noC,night:10:2
932,night:5,NEAPOLITAN_CALABRESE,not3,night:5:1
933,night:5,NONES,not,night:5:4
934,night:11,NONES_FASSANO,net,night:11:1
935,night:11,NONES_GARDENESE,nwet,night:11:1
936,night:12,OCCITAN_ARANESE,ne,night:12:1
937,night:5,PIEMONTESE_BARBANIA,noyt,night:5:1
938,night:5,PIEMONTESE_CARMAGNOLA,noyt,night:5:2
939,night:5,PIEMONTESE_LANZO_TORINESE,noyt,night:5:3
940,night:10,PIEMONTESE_VERCELLESE,noC,night:10:3
941,night:5,PORTUGUESE,noyt3,night:5:1
942,night:5,ROMAGNOL_RAVENNATE,nota,night:5:1
943,night:9,ROMANIAN,noapte,night:9:1
944,night:9,ROMANIAN_2,noapte,night:9:2
945,night:9,ROMANIAN_MEGLENO,noapti,night:9:1
946,night:10,ROMANSH_GRISHUN,noT,night:10:1
947,night:10,ROMANSH_SURMIRAN,noT,night:10:2
948,night:10,ROMANSH_SURSILVAN,noC,night:10:4
949,night:5,ROMANSH_VALLADER,not,night:5:5
950,night:9,SARDINIAN,note,night:9:2
951,night:5,SARDINIAN_CAMPIDANESE,noti,night:5:2
952,night:9,SARDINIAN_LOGUDARESE,note,night:9:3
953,night:5,SICILIAN_UnnamedInSource,noti,night:5:3
954,night:10,SPANISH,noCe,night:10:2
955,night:4,VALENCIAN,nit,night:4:4
956,night:9,VLACH,napte,night:9:1
957,two:0,ALBANIAN_GHEG,di,two:0:1
958,two:0,ALBANIAN,di,two:0:2
959,two:4,CORSICAN,dwi,two:4:1
960,two:5,DALMATIAN,dai,two:5:1
961,two:1,ALBANIAN_TOSK,du,two:1:1
962,two:1,EMILIANO_CARPIGIANO,du,two:1:2
963,two:1,EMILIANO_FERRARESE,du,two:1:3
964,two:6,FRENCH,de,two:6:1
965,two:9,ITALIAN,due,two:9:1
966,two:9,ITALIAN_GROSSETO_TUSCAN,due,two:9:2
967,two:10,LIGURIAN_GENOESE,dui,two:10:1
968,two:10,LIGURIAN_RAPALLO,dui,two:10:2
969,two:10,LIGURIAN_STELLA,dui,two:10:3
970,two:1,LOMBARD_BERGAMO,du,two:1:4
971,two:11,LOMBARD_PLESIO,duu,two:11:1
972,two:13,PIEMONTESE_BARBANIA,duy,two:13:1
973,two:13,PIEMONTESE_CARMAGNOLA,duy,two:13:2
974,two:13,PIEMONTESE_LANZO_TORINESE,duy,two:13:3
975,two:13,PIEMONTESE_VERCELLESE,duy,two:13:4
976,two:2,ROMANSH_GRISHUN,dus,two:2:1
977,two:2,ROMANSH_SURMIRAN,dus,two:2:2
978,two:2,ROMANSH_SURSILVAN,dus,two:2:3
979,two:11,SARDINIAN_CAMPIDANESE,duzu,two:11:1
980,two:1,SICILIAN_UnnamedInSource,du,two:1:5
981,two:10,VLACH,dui,two:10:4
982,two:2,ARAGONESE,dos,two:2:1
983,two:3,ARPITAN,dow,two:3:1
984,two:2,ASTURIAN,dos,two:2:2
985,two:2,BALEAR_CATALAN,dos,two:2:3
986,two:2,CATALAN,dos,two:2:4
987,two:2,CATALAN_2,dos,two:2:5
988,two:3,EMILIANO_REGGIANO,dow,two:3:2
989,two:7,FRIULIAN,doi,two:7:1
990,two:2,GALICIAN,dous,two:2:1
991,two:8,GASCON,dis,two:8:1
992,two:2,JUDEO_ESPAGNOL,dos,two:2:6
993,two:2,LANGUEDOCIEN,dus,two:2:4
994,two:12,NEAPOLITAN_CALABRESE,doye,two:12:1
995,two:7,NONES,doi,two:7:2
996,two:12,NONES_GARDENESE,doy,two:12:1
997,two:8,OCCITAN_ARANESE,dis,two:8:2
998,two:7,PORTUGUESE,doiS,two:7:1
999,two:14,ROMAGNOL_RAVENNATE,do,two:14:1
1000,two:7,ROMANIAN,doi,two:7:3
1001,two:12,ROMANIAN_2,doy,two:12:2
1002,two:12,ROMANIAN_MEGLENO,doy,two:12:3
1003,two:2,ROMANSH_VALLADER,dwos,two:2:1
1004,two:2,SARDINIAN,duos,two:2:1
1005,two:2,SARDINIAN_LOGUDARESE,duos,two:2:2
1006,two:2,SPANISH,dos,two:2:7
1007,two:7,TURIA_AROMANIAN,doi,two:7:4
1008,two:2,VALENCIAN,dos,two:2:8
1009,we:0,ALBANIAN_GHEG,ne,we:0:1
1010,we:0,ALBANIAN,ne,we:0:2
1011,we:1,ALBANIAN_TOSK,nE,we:1:1
1012,we:3,ARPITAN,no,we:3:1
1013,we:4,ASTURIAN,nos,we:4:1
1014,we:5,CORSICAN,noi,we:5:1
1015,we:5,DALMATIAN,noi,we:5:2
1016,we:7,EMILIANO_FERRARESE,nu,we:7:1
1017,we:7,FRENCH,nu,we:7:2
1018,we:8,FRIULIAN,nou,we:8:1
1019,we:4,GALICIAN,nos,we:4:2
1020,we:5,ITALIAN,noi,we:5:3
1021,we:5,ITALIAN_GROSSETO_TUSCAN,noi,we:5:4
1022,we:9,LIGURIAN_RAPALLO,nui,we:9:1
1023,we:6,LOMBARD_BERGAMO,noter,we:6:1
1024,we:10,LOMBARD_PLESIO,nuN,we:10:1
1025,we:11,NEAPOLITAN_CALABRESE,nuy3,we:11:1
1026,we:4,NONES_GARDENESE,n3ws,we:4:1
1027,we:11,PIEMONTESE_BARBANIA,nuy,we:11:1
1028,we:11,PIEMONTESE_CARMAGNOLA,nuy,we:11:2
1029,we:11,PIEMONTESE_LANZO_TORINESE,nuy,we:11:3
1030,we:11,PIEMONTESE_VERCELLESE,nuy,we:11:4
1031,we:12,PORTUGUESE,noS,we:12:1
1032,we:4,ROMAGNOL_RAVENNATE,now,we:4:1
1033,we:5,ROMANIAN,noi,we:5:5
1034,we:13,ROMANIAN_2,noy,we:13:1
1035,we:13,ROMANIAN_MEGLENO,noy,we:13:2
1036,we:14,ROMANSH_GRISHUN,nus,we:14:1
1037,we:4,ROMANSH_SURMIRAN,nows,we:4:1
1038,we:14,ROMANSH_SURSILVAN,nus,we:14:2
1039,we:14,ROMANSH_VALLADER,nus,we:14:3
1040,we:4,SARDINIAN,nos,we:4:3
1041,we:15,SARDINIAN_CAMPIDANESE,nozu,we:15:1
1042,we:4,SARDINIAN_LOGUDARESE,nois,we:4:1
1043,we:13,TURIA_AROMANIAN,noy,we:13:3
1044,we:5,VLACH,noi,we:5:6
1045,we:2,ARAGONESE,nusatros,we:2:1
1046,we:2,BALEAR_CATALAN,noltros,we:2:1
1047,we:2,JUDEO_ESPAGNOL,mozotros,we:2:1
1048,we:2,SPANISH,nosotros,we:2:1
1049,we:2,VALENCIAN,nosaltres,we:2:1
1050,we:2,CATALAN,nuzaltr3s,we:2:1
1051,we:2,CATALAN_2,nuzaltr3s,we:2:2
1052,we:2,GASCON,nuzanes,we:2:1
1053,we:2,LANGUEDOCIEN,nuzautres,we:2:1
1054,we:2,OCCITAN_ARANESE,nuzati,we:2:1
1055,we:6,EMILIANO_CARPIGIANO,nuEter,we:6:1
1056,we:6,EMILIANO_REGGIANO,nuEter,we:6:2
1057,we:2,LIGURIAN_GENOESE,nuiatri,we:2:1
1058,we:2,LIGURIAN_STELLA,nuiatri,we:2:2
1059,we:2,NONES,noiautri,we:2:1
1060,we:2,SICILIAN_UnnamedInSource,nuautri,we:2:1
1061,fish:0,ALBANIAN_GHEG,peSk,fish:0:1
1062,fish:0,ALBANIAN,peSk,fish:0:2
1063,fish:1,ALBANIAN_TOSK,pESk,fish:1:1
1064,fish:2,ARAGONESE,peS,fish:2:1
1065,fish:3,ARPITAN,p3so,fish:3:1
1066,fish:4,ASTURIAN,peSe,fish:4:1
1067,fish:5,BALEAR_CATALAN,peiS,fish:5:1
1068,fish:2,CATALAN,peS,fish:2:2
1069,fish:2,CATALAN_2,peS,fish:2:3
1070,fish:1,CORSICAN,pESu,fish:1:1
1071,fish:6,DALMATIAN,pias,fish:6:1
1072,fish:8,FRENCH,paso,fish:8:1
1073,fish:9,FRIULIAN,pes,fish:9:1
1074,fish:10,GALICIAN,pEiSe,fish:10:1
1075,fish:1,GASCON,pES,fish:1:1
1076,fish:4,ITALIAN,peSe,fish:4:2
1077,fish:4,ITALIAN_GROSSETO_TUSCAN,peSe,fish:4:3
1078,fish:11,JUDEO_ESPAGNOL,peSkado,fish:11:1
1079,fish:9,LANGUEDOCIEN,peys,fish:9:1
1080,fish:12,LIGURIAN_GENOESE,peSu,fish:12:1
1081,fish:1,LIGURIAN_RAPALLO,pESu,fish:1:2
1082,fish:1,LIGURIAN_STELLA,pESu,fish:1:3
1083,fish:7,LOMBARD_BERGAMO,pEs,fish:7:1
1084,fish:7,LOMBARD_PLESIO,pEs,fish:7:2
1085,fish:0,NEAPOLITAN_CALABRESE,peS3,fish:0:1
1086,fish:9,NONES,pes,fish:9:2
1087,fish:2,NONES_FASSANO,peS,fish:2:4
1088,fish:13,NONES_GARDENESE,p3S,fish:13:1
1089,fish:5,OCCITAN_ARANESE,peiS,fish:5:2
1090,fish:3,PIEMONTESE_BARBANIA,p3s,fish:3:1
1091,fish:7,PIEMONTESE_CARMAGNOLA,pEs,fish:7:3
1092,fish:1,PIEMONTESE_LANZO_TORINESE,pES,fish:1:2
1093,fish:14,PIEMONTESE_VERCELLESE,pos,fish:14:1
1094,fish:15,PORTUGUESE,paiS3,fish:15:1
1095,fish:7,ROMAGNOL_RAVENNATE,pEs,fish:7:4
1096,fish:4,ROMANIAN,peSte,fish:4:1
1097,fish:4,ROMANIAN_2,peSte,fish:4:2
1098,fish:16,ROMANIAN_MEGLENO,peaSti,fish:16:1
1099,fish:2,ROMANSH_GRISHUN,peS,fish:2:5
1100,fish:2,ROMANSH_SURMIRAN,peS,fish:2:6
1101,fish:1,ROMANSH_SURSILVAN,pES,fish:1:3
1102,fish:2,ROMANSH_VALLADER,peS,fish:2:7
1103,fish:10,SARDINIAN,piSe,fish:10:1
1104,fish:17,SARDINIAN_CAMPIDANESE,piSi,fish:17:1
1105,fish:18,SARDINIAN_LOGUDARESE,piske,fish:18:1
1106,fish:19,SICILIAN_UnnamedInSource,peSi,fish:19:1
1107,fish:11,SPANISH,peskado,fish:11:1
1108,fish:5,VALENCIAN,peiS,fish:5:3
1109,fish:20,VLACH,pesku,fish:20:1
1110,fish:7,EMILIANO_CARPIGIANO,pEs,fish:7:5
1111,fish:7,EMILIANO_FERRARESE,pEs,fish:7:6
1112,fish:7,EMILIANO_REGGIANO,pEs,fish:7:7
1113,skin:0,ALBANIAN_GHEG,l3kur3,skin:0:1
1114,skin:0,ALBANIAN,l3kur3,skin:0:2
1115,skin:0,ALBANIAN_TOSK,l3kur3,skin:0:3
1116,skin:1,ARAGONESE,piel,skin:1:1
1117,skin:1,ASTURIAN,piel,skin:1:2
1118,skin:4,DALMATIAN,pial,skin:4:1
1119,skin:2,BALEAR_CATALAN,peL,skin:2:1
1120,skin:2,CATALAN,peL,skin:2:2
1121,skin:2,CATALAN_2,peL,skin:2:3
1122,skin:3,CORSICAN,pedi,skin:3:1
1123,skin:1,EMILIANO_FERRARESE,pel,skin:1:1
1124,skin:6,FRENCH,po,skin:6:1
1125,skin:1,FRIULIAN,pel,skin:1:2
1126,skin:5,GALICIAN,pEl,skin:5:1
1127,skin:7,GASCON,pEt,skin:7:1
1128,skin:1,LANGUEDOCIEN,pel,skin:1:3
1129,skin:1,LIGURIAN_GENOESE,pele,skin:1:1
1130,skin:1,LIGURIAN_RAPALLO,pele,skin:1:2
1131,skin:5,LOMBARD_BERGAMO,pEl,skin:5:2
1132,skin:5,LOMBARD_PLESIO,pEl,skin:5:3
1133,skin:5,NEAPOLITAN_CALABRESE,pEl3,skin:5:1
1134,skin:5,NONES,pEl,skin:5:4
1135,skin:1,NONES_FASSANO,pel,skin:1:4
1136,skin:1,NONES_GARDENESE,pel,skin:1:5
1137,skin:7,OCCITAN_ARANESE,pEt,skin:7:2
1138,skin:5,PIEMONTESE_BARBANIA,pEl,skin:5:5
1139,skin:5,PIEMONTESE_CARMAGNOLA,pEl,skin:5:6
1140,skin:5,PIEMONTESE_LANZO_TORINESE,pEl,skin:5:7
1141,skin:5,PIEMONTESE_VERCELLESE,pEl,skin:5:8
1142,skin:5,PORTUGUESE,pEl3,skin:5:2
1143,skin:9,ROMAGNOL_RAVENNATE,pe3la,skin:9:1
1144,skin:1,ROMANIAN,pele,skin:1:3
1145,skin:1,ROMANIAN_2,pyele,skin:1:1
1146,skin:1,ROMANSH_GRISHUN,pel,skin:1:6
1147,skin:1,ROMANSH_SURMIRAN,pel,skin:1:7
1148,skin:4,ROMANSH_SURSILVAN,pal,skin:4:1
1149,skin:1,ROMANSH_VALLADER,pel,skin:1:8
1150,skin:11,SARDINIAN,pede,skin:11:1
1151,skin:3,SARDINIAN_CAMPIDANESE,pEdi,skin:3:1
1152,skin:11,SARDINIAN_LOGUDARESE,pede,skin:11:2
1153,skin:3,SICILIAN_UnnamedInSource,pedi,skin:3:2
1154,skin:1,SPANISH,piel,skin:1:3
1155,skin:2,VALENCIAN,peL,skin:2:4
1156,skin:5,EMILIANO_CARPIGIANO,pEla,skin:5:1
1157,skin:5,EMILIANO_REGGIANO,pEla,skin:5:2
1158,skin:5,ITALIAN,pElle,skin:5:1
1159,skin:5,ITALIAN_GROSSETO_TUSCAN,pEle,skin:5:1
1160,skin:5,LIGURIAN_STELLA,pEle,skin:5:2
1161,skin:8,JUDEO_ESPAGNOL,kuero,skin:8:1
1162,skin:10,ROMANIAN_MEGLENO,koaZ3,skin:10:1
1163,skin:12,TURIA_AROMANIAN,kali,skin:12:1
1164,skin:12,VLACH,kiali,skin:12:1
1165,name:0,ALBANIAN_GHEG,em3n,name:0:1
1166,name:0,ALBANIAN,em3r,name:0:1
1167,name:0,ALBANIAN_TOSK,Em3r,name:0:1
1168,name:1,ARAGONESE,nombre,name:1:1
1169,name:2,ARPITAN,no,name:2:1
1170,name:1,ASTURIAN,nome,name:1:1
1171,name:1,BALEAR_CATALAN,nom,name:1:1
1172,name:1,CATALAN,nom,name:1:2
1173,name:1,CATALAN_2,nom,name:1:3
1174,name:1,CORSICAN,nomu,name:1:1
1175,name:3,DALMATIAN,nam,name:3:1
1176,name:1,EMILIANO_CARPIGIANO,nom,name:1:4
1177,name:1,EMILIANO_FERRARESE,nom,name:1:5
1178,name:1,EMILIANO_REGGIANO,nom,name:1:6
1179,name:4,FRENCH,no,name:4:2
1180,name:5,FRIULIAN,non,name:5:1
1181,name:1,GALICIAN,nome,name:1:2
1182,name:6,GASCON,num,name:6:1
1183,name:1,ITALIAN,nome,name:1:3
1184,name:1,ITALIAN_GROSSETO_TUSCAN,nome,name:1:4
1185,name:1,JUDEO_ESPAGNOL,nombre,name:1:2
1186,name:7,LANGUEDOCIEN,nun,name:7:1
1187,name:6,LIGURIAN_GENOESE,nume,name:6:1
1188,name:6,LIGURIAN_RAPALLO,nume,name:6:2
1189,name:6,LIGURIAN_STELLA,nume,name:6:3
1190,name:1,LOMBARD_BERGAMO,nom,name:1:7
1191,name:1,LOMBARD_PLESIO,nom,name:1:8
1192,name:1,NEAPOLITAN_CALABRESE,nom3,name:1:1
1193,name:1,NONES,nom,name:1:9
1194,name:1,NONES_FASSANO,inom,name:1:1
1195,name:8,NONES_GARDENESE,inwem,name:8:1
1196,name:1,OCCITAN_ARANESE,nom,name:1:10
1197,name:1,PIEMONTESE_BARBANIA,nom,name:1:11
1198,name:1,PIEMONTESE_CARMAGNOLA,nom,name:1:12
1199,name:1,PIEMONTESE_LANZO_TORINESE,nom,name:1:13
1200,name:1,PIEMONTESE_VERCELLESE,nom,name:1:14
1201,name:1,PORTUGUESE,nom3,name:1:2
1202,name:1,ROMAGNOL_RAVENNATE,nom,name:1:15
1203,name:6,ROMANIAN,nume,name:6:4
1204,name:6,ROMANIAN_2,nume,name:6:5
1205,name:6,ROMANIAN_MEGLENO,numi,name:6:1
1206,name:6,ROMANSH_GRISHUN,num,name:6:2
1207,name:1,ROMANSH_SURMIRAN,nom,name:1:16
1208,name:6,ROMANSH_SURSILVAN,num,name:6:3
1209,name:1,ROMANSH_VALLADER,nom,name:1:17
1210,name:1,SARDINIAN_CAMPIDANESE,nomini,name:1:1
1211,name:1,SICILIAN_UnnamedInSource,nomi,name:1:1
1212,name:1,SPANISH,nombre,name:1:3
1213,name:1,VALENCIAN,nom,name:1:18
1214,name:6,VLACH,numa,name:6:1
1215,name:9,SARDINIAN,lumene,name:9:1
1216,name:9,SARDINIAN_LOGUDARESE,lumene,name:9:2
1217,nose:0,ALBANIAN_GHEG,hund3,nose:0:1
1218,nose:0,ALBANIAN,hund3,nose:0:2
1219,nose:0,ALBANIAN_TOSK,hund3,nose:0:3
1220,nose:1,ARAGONESE,nari8,nose:1:1
1221,nose:2,ARPITAN,na,nose:2:1
1222,nose:1,ASTURIAN,nari8es,nose:1:1
1223,nose:3,BALEAR_CATALAN,nas,nose:3:1
1224,nose:3,CATALAN,nas,nose:3:2
1225,nose:3,CATALAN_2,nas,nose:3:3
1226,nose:3,CORSICAN,nasu,nose:3:1
1227,nose:4,DALMATIAN,nuos,nose:4:1
1228,nose:5,EMILIANO_CARPIGIANO,nEz,nose:5:1
1229,nose:3,EMILIANO_FERRARESE,nas,nose:3:4
1230,nose:5,EMILIANO_REGGIANO,nEs,nose:5:1
1231,nose:6,FRENCH,ne,nose:6:1
1232,nose:3,FRIULIAN,nas,nose:3:5
1233,nose:1,GALICIAN,nari8,nose:1:2
1234,nose:3,GASCON,nas,nose:3:6
1235,nose:3,ITALIAN,naso,nose:3:1
1236,nose:3,ITALIAN_GROSSETO_TUSCAN,naso,nose:3:2
1237,nose:1,JUDEO_ESPAGNOL,nariz,nose:1:1
1238,nose:3,LANGUEDOCIEN,nas,nose:3:7
1239,nose:3,LIGURIAN_GENOESE,nazu,nose:3:1
1240,nose:3,LIGURIAN_RAPALLO,nazu,nose:3:2
1241,nose:3,LIGURIAN_STELLA,nazu,nose:3:3
1242,nose:3,LOMBARD_BERGAMO,nas,nose:3:8
1243,nose:3,LOMBARD_PLESIO,nas,nose:3:9
1244,nose:3,NEAPOLITAN_CALABRESE,nas3,nose:3:1
1245,nose:3,NONES,nas,nose:3:10
1246,nose:5,NONES_FASSANO,nEs,nose:5:2
1247,nose:5,NONES_GARDENESE,nEs,nose:5:3
1248,nose:3,OCCITAN_ARANESE,nas,nose:3:11
1249,nose:3,PIEMONTESE_BARBANIA,nas,nose:3:12
1250,nose:3,PIEMONTESE_CARMAGNOLA,nas,nose:3:13
1251,nose:3,PIEMONTESE_LANZO_TORINESE,nas,nose:3:14
1252,nose:3,PIEMONTESE_VERCELLESE,nas,nose:3:15
1253,nose:1,PORTUGUESE,nariS,nose:1:1
1254,nose:7,ROMAGNOL_RAVENNATE,ne3z,nose:7:1
1255,nose:3,ROMANIAN,nas,nose:3:16
1256,nose:3,ROMANIAN_2,nas,nose:3:17
1257,nose:3,ROMANIAN_MEGLENO,nas,nose:3:18
1258,nose:3,ROMANSH_GRISHUN,nas,nose:3:19
1259,nose:3,ROMANSH_SURMIRAN,nas,nose:3:20
1260,nose:3,ROMANSH_SURSILVAN,nas,nose:3:21
1261,nose:3,ROMANSH_VALLADER,nas,nose:3:22
1262,nose:3,SARDINIAN,nasu,nose:3:2
1263,nose:3,SARDINIAN_CAMPIDANESE,nazu,nose:3:4
1264,nose:3,SARDINIAN_LOGUDARESE,nasu,nose:3:3
1265,nose:8,SICILIAN_UnnamedInSource,naska,nose:8:1
1266,nose:1,SPANISH,naris,nose:1:1
1267,nose:1,TURIA_AROMANIAN,nari,nose:1:1
1268,nose:3,VALENCIAN,nas,nose:3:23
1269,tooth:0,ALBANIAN_GHEG,dhamb,tooth:0:1
1270,tooth:0,ALBANIAN,8Emb,tooth:0:1
1271,tooth:0,ALBANIAN_TOSK,83mb,tooth:0:1
1272,tooth:1,ARAGONESE,dien,tooth:1:1
1273,tooth:2,ARPITAN,dE,tooth:2:1
1274,tooth:3,ASTURIAN,diente,tooth:3:1
1275,tooth:1,BALEAR_CATALAN,dent,tooth:1:1
1276,tooth:1,CATALAN,den,tooth:1:1
1277,tooth:1,CATALAN_2,den,tooth:1:2
1278,tooth:3,CORSICAN,dEnti,tooth:3:1
1279,tooth:3,DALMATIAN,diant,tooth:3:1
1280,tooth:1,EMILIANO_CARPIGIANO,dEynt,tooth:1:1
1281,tooth:1,EMILIANO_FERRARESE,dent,tooth:1:2
1282,tooth:1,EMILIANO_REGGIANO,dEynt,tooth:1:2
1283,tooth:4,FRENCH,da,tooth:4:1
1284,tooth:3,FRIULIAN,dint,tooth:3:1
1285,tooth:3,GALICIAN,dEnte,tooth:3:1
1286,tooth:1,GASCON,den,tooth:1:3
1287,tooth:3,ITALIAN,dante,tooth:3:1
1288,tooth:3,ITALIAN_GROSSETO_TUSCAN,dEnte,tooth:3:2
1289,tooth:3,JUDEO_ESPAGNOL,dyente,tooth:3:1
1290,tooth:1,LANGUEDOCIEN,den,tooth:1:4
1291,tooth:3,LIGURIAN_GENOESE,dente,tooth:3:1
1292,tooth:3,LIGURIAN_RAPALLO,dEnte,tooth:3:3
1293,tooth:1,LIGURIAN_STELLA,dENCu,tooth:1:1
1294,tooth:1,LOMBARD_BERGAMO,det,tooth:1:1
1295,tooth:1,LOMBARD_PLESIO,denC,tooth:1:1
1296,tooth:3,NEAPOLITAN_CALABRESE,dEnte,tooth:3:4
1297,tooth:1,NONES,dEn,tooth:1:1
1298,tooth:1,NONES_GARDENESE,d3nt,tooth:1:1
1299,tooth:1,OCCITAN_ARANESE,den,tooth:1:5
1300,tooth:1,PIEMONTESE_BARBANIA,deNt,tooth:1:1
1301,tooth:1,PIEMONTESE_CARMAGNOLA,deNt,tooth:1:2
1302,tooth:1,PIEMONTESE_LANZO_TORINESE,deNt,tooth:1:3
1303,tooth:1,PIEMONTESE_VERCELLESE,deNC,tooth:1:1
1304,tooth:1,PORTUGUESE,det3,tooth:1:1
1305,tooth:1,ROMAGNOL_RAVENNATE,dent,tooth:1:3
1306,tooth:3,ROMANIAN,dinte,tooth:3:1
1307,tooth:3,ROMANIAN_2,dinte,tooth:3:2
1308,tooth:3,ROMANIAN_MEGLENO,dinti,tooth:3:1
1309,tooth:1,ROMANSH_GRISHUN,dEnt,tooth:1:1
1310,tooth:1,ROMANSH_SURMIRAN,daynt,tooth:1:1
1311,tooth:1,ROMANSH_SURSILVAN,dEnt,tooth:1:2
1312,tooth:1,ROMANSH_VALLADER,daynt,tooth:1:2
1313,tooth:3,SARDINIAN,dente,tooth:3:2
1314,tooth:3,SARDINIAN_CAMPIDANESE,dEnti,tooth:3:2
1315,tooth:3,SARDINIAN_LOGUDARESE,dente,tooth:3:3
1316,tooth:3,SICILIAN_UnnamedInSource,denti,tooth:3:1
1317,tooth:3,SPANISH,diente,tooth:3:2
1318,tooth:3,TURIA_AROMANIAN,dini,tooth:3:1
1319,tooth:1,VALENCIAN,dent,tooth:1:4
1320,tooth:3,VLACH,dinti,tooth:3:2
1321,sun:0,ALBANIAN_GHEG,dieL,sun:0:1
1322,sun:0,ALBANIAN_TOSK,diEL,sun:0:1
1323,sun:1,ALBANIAN,dyell,sun:1:1
1324,sun:2,ARAGONESE,sol,sun:2:1
1325,sun:3,ARPITAN,solEL,sun:3:1
1326,sun:2,ASTURIAN,sol,sun:2:2
1327,sun:2,BALEAR_CATALAN,sol,sun:2:3
1328,sun:2,CATALAN,sol,sun:2:4
1329,sun:2,CATALAN_2,sol,sun:2:5
1330,sun:2,CORSICAN,soli,sun:2:1
1331,sun:4,DALMATIAN,saul,sun:4:1
1332,sun:2,EMILIANO_CARPIGIANO,sol,sun:2:6
1333,sun:2,EMILIANO_FERRARESE,sol,sun:2:7
1334,sun:2,EMILIANO_REGGIANO,sowl,sun:2:1
1335,sun:2,FRENCH,sole,sun:2:1
1336,sun:2,FRIULIAN,soreli,sun:2:1
1337,sun:2,GALICIAN,sol,sun:2:8
1338,sun:3,GASCON,sureL,sun:3:1
1339,sun:2,ITALIAN,sole,sun:2:2
1340,sun:2,ITALIAN_GROSSETO_TUSCAN,sole,sun:2:3
1341,sun:2,JUDEO_ESPAGNOL,sol,sun:2:9
1342,sun:3,LANGUEDOCIEN,sulel,sun:3:1
1343,sun:5,LIGURIAN_GENOESE,su,sun:5:1
1344,sun:5,LIGURIAN_RAPALLO,su,sun:5:2
1345,sun:5,LIGURIAN_STELLA,su,sun:5:3
1346,sun:4,LOMBARD_BERGAMO,sul,sun:4:1
1347,sun:6,LOMBARD_PLESIO,suu,sun:6:1
1348,sun:2,NEAPOLITAN_CALABRESE,sol3,sun:2:1
1349,sun:2,NONES,sol,sun:2:10
1350,sun:7,NONES_FASSANO,soreye,sun:7:1
1351,sun:8,NONES_GARDENESE,sur3dl,sun:8:1
1352,sun:5,OCCITAN_ARANESE,su,sun:5:4
1353,sun:4,PIEMONTESE_BARBANIA,sul,sun:4:2
1354,sun:4,PIEMONTESE_CARMAGNOLA,sul,sun:4:3
1355,sun:4,PIEMONTESE_LANZO_TORINESE,sul,sun:4:4
1356,sun:4,PIEMONTESE_VERCELLESE,sul,sun:4:5
1357,sun:2,PORTUGUESE,sol,sun:2:11
1358,sun:2,ROMAGNOL_RAVENNATE,sowl,sun:2:2
1359,sun:9,ROMANIAN,soare,sun:9:1
1360,sun:9,ROMANIAN_2,soare,sun:9:2
1361,sun:9,ROMANIAN_MEGLENO,soari,sun:9:1
1362,sun:3,ROMANSH_GRISHUN,suleL,sun:3:1
1363,sun:3,ROMANSH_SURMIRAN,suLeL,sun:3:1
1364,sun:3,ROMANSH_SURSILVAN,sulEL,sun:3:1
1365,sun:10,ROMANSH_VALLADER,sulay,sun:10:1
1366,sun:2,SARDINIAN,sole,sun:2:4
1367,sun:2,SARDINIAN_CAMPIDANESE,soli,sun:2:2
1368,sun:2,SARDINIAN_LOGUDARESE,sole,sun:2:5
1369,sun:4,SICILIAN_UnnamedInSource,suli,sun:4:1
1370,sun:2,SPANISH,sol,sun:2:12
1371,sun:2,VALENCIAN,sol,sun:2:13
1372,sun:9,VLACH,suari,sun:9:1
1373,tongue:0,ALBANIAN_GHEG,guh3,tongue:0:1
1374,tongue:0,ALBANIAN,Tuh3,tongue:0:1
1375,tongue:0,ALBANIAN_TOSK,Tuh3,tongue:0:2
1376,tongue:1,ARAGONESE,lueNga,tongue:1:1
1377,tongue:1,ARPITAN,lEwa,tongue:1:1
1378,tongue:1,CORSICAN,liNgua,tongue:1:1
1379,tongue:1,DALMATIAN,laNga,tongue:1:1
1380,tongue:1,EMILIANO_CARPIGIANO,lENgva,tongue:1:1
1381,tongue:1,EMILIANO_FERRARESE,lENgwa,tongue:1:1
1382,tongue:1,EMILIANO_REGGIANO,lENgwa,tongue:1:2
1383,tongue:1,FRENCH,lag,tongue:1:1
1384,tongue:1,FRIULIAN,leNgE,tongue:1:1
1385,tongue:1,GALICIAN,liNga,tongue:1:1
1386,tongue:4,GASCON,leNo,tongue:4:1
1387,tongue:1,ITALIAN,liNgwa,tongue:1:1
1388,tongue:1,ITALIAN_GROSSETO_TUSCAN,lingwa,tongue:1:1
1389,tongue:1,JUDEO_ESPAGNOL,lingua,tongue:1:1
1390,tongue:4,LANGUEDOCIEN,leNo,tongue:4:2
1391,tongue:1,LIGURIAN_GENOESE,liNgwa,tongue:1:2
1392,tongue:1,LIGURIAN_RAPALLO,liNgwa,tongue:1:3
1393,tongue:1,LIGURIAN_STELLA,lENgwa,tongue:1:3
1394,tongue:1,LOMBARD_BERGAMO,lEngwa,tongue:1:1
1395,tongue:1,LOMBARD_PLESIO,lengwa,tongue:1:1
1396,tongue:1,NEAPOLITAN_CALABRESE,lengw3,tongue:1:1
1397,tongue:1,NONES,lENa,tongue:1:1
1398,tongue:1,NONES_GARDENESE,l3Nga,tongue:1:1
1399,tongue:4,OCCITAN_ARANESE,leNuo,tongue:4:1
1400,tongue:1,PIEMONTESE_BARBANIA,lENga,tongue:1:1
1401,tongue:1,PIEMONTESE_CARMAGNOLA,leNga,tongue:1:1
1402,tongue:1,PIEMONTESE_LANZO_TORINESE,lENga,tongue:1:2
1403,tongue:1,PIEMONTESE_VERCELLESE,leNgwa,tongue:1:1
1404,tongue:1,PORTUGUESE,ligua,tongue:1:1
1405,tongue:1,ROMAGNOL_RAVENNATE,lengva,tongue:1:1
1406,tongue:3,ROMANSH_GRISHUN,lyewNg3,tongue:3:1
1407,tongue:1,ROMANSH_SURSILVAN,lEuNga,tongue:1:1
1408,tongue:1,ROMANSH_VALLADER,lew3,tongue:1:1
1409,tongue:5,SARDINIAN,limba,tongue:5:1
1410,tongue:5,SARDINIAN_CAMPIDANESE,limba,tongue:5:2
1411,tongue:5,SARDINIAN_LOGUDARESE,limba,tongue:5:3
1412,tongue:1,SICILIAN_UnnamedInSource,liNa,tongue:1:1
1413,tongue:1,SPANISH,lenga,tongue:1:1
1414,tongue:5,TURIA_AROMANIAN,lima,tongue:5:1
1415,tongue:5,VLACH,limba,tongue:5:4
1416,tongue:2,ASTURIAN,paladar,tongue:2:1
1417,tongue:3,BALEAR_CATALAN,Leg3,tongue:3:1
1418,tongue:3,CATALAN,LeNg3,tongue:3:1
1419,tongue:3,CATALAN_2,Leg3,tongue:3:2
1420,tongue:3,ROMANSH_SURMIRAN,LaNg3,tongue:3:1
1421,tongue:3,VALENCIAN,Lega,tongue:3:1
1422,tongue:5,ROMANIAN,limb3,tongue:5:1
1423,tongue:5,ROMANIAN_2,limb3,tongue:5:2
1424,tongue:5,ROMANIAN_MEGLENO,limbe,tongue:5:1
1425,drink:0,ALBANIAN_GHEG,gerb,drink:0:1
1426,drink:3,ARAGONESE,beber,drink:3:1
1427,drink:3,ASTURIAN,beber,drink:3:2
1428,drink:8,FRIULIAN,bevi,drink:8:1
1429,drink:3,GALICIAN,beber,drink:3:3
1430,drink:9,GASCON,beore,drink:9:1
1431,drink:9,ITALIAN,bere,drink:9:1
1432,drink:3,JUDEO_ESPAGNOL,bever,drink:3:1
1433,drink:9,LANGUEDOCIEN,bewre,drink:9:1
1434,drink:12,LOMBARD_PLESIO,bef,drink:12:1
1435,drink:3,NONES_FASSANO,beyver,drink:3:1
1436,drink:3,NONES_GARDENESE,bev3r,drink:3:1
1437,drink:8,PIEMONTESE_VERCELLESE,bevi,drink:8:2
1438,drink:16,ROMAGNOL_RAVENNATE,be,drink:16:1
1439,drink:17,ROMANIAN,bea,drink:17:1
1440,drink:17,ROMANIAN_2,bea,drink:17:2
1441,drink:17,ROMANIAN_MEGLENO,beaw,drink:17:1
1442,drink:3,ROMANSH_SURMIRAN,bev3r,drink:3:2
1443,drink:3,ROMANSH_SURSILVAN,beibEr,drink:3:1
1444,drink:9,SARDINIAN,biere,drink:9:1
1445,drink:19,SICILIAN_UnnamedInSource,biviri,drink:19:1
1446,drink:3,SPANISH,bebe,drink:3:1
1447,drink:17,VLACH,abea,drink:17:1
1448,drink:1,ALBANIAN,pirye,drink:1:1
1449,drink:2,ALBANIAN_TOSK,pi,drink:2:1
1450,drink:4,ARPITAN,bEa,drink:4:1
1451,drink:5,BALEAR_CATALAN,bEur3,drink:5:1
1452,drink:5,CATALAN,bEur3,drink:5:2
1453,drink:5,CATALAN_2,bEur3,drink:5:3
1454,drink:4,DALMATIAN,bar,drink:4:1
1455,drink:3,EMILIANO_CARPIGIANO,bEvEr,drink:3:1
1456,drink:4,EMILIANO_FERRARESE,bEar,drink:4:1
1457,drink:3,EMILIANO_REGGIANO,bEvEr,drink:3:2
1458,drink:7,FRENCH,ba,drink:7:1
1459,drink:10,ITALIAN_GROSSETO_TUSCAN,bE,drink:10:1
1460,drink:11,LIGURIAN_GENOESE,bEyve,drink:11:1
1461,drink:11,LIGURIAN_RAPALLO,bEye,drink:11:1
1462,drink:11,LIGURIAN_STELLA,bEyve,drink:11:2
1463,drink:13,NEAPOLITAN_CALABRESE,vEb3r3,drink:13:1
1464,drink:11,OCCITAN_ARANESE,bEbe,drink:11:1
1465,drink:11,PIEMONTESE_BARBANIA,bEyve,drink:11:3
1466,drink:11,PIEMONTESE_CARMAGNOLA,bEyve,drink:11:4
1467,drink:11,PIEMONTESE_LANZO_TORINESE,bEyve,drink:11:5
1468,drink:15,PORTUGUESE,b3b,drink:15:1
1469,drink:3,ROMANSH_GRISHUN,bayv3r,drink:3:1
1470,drink:3,ROMANSH_VALLADER,bayv3r,drink:3:2
1471,drink:5,VALENCIAN,bEure,drink:5:1
1472,drink:6,CORSICAN,biy,drink:6:1
1473,drink:6,LOMBARD_BERGAMO,bif,drink:6:1
1474,drink:14,NONES,triNar,drink:14:1
1475,drink:18,SARDINIAN_CAMPIDANESE,bufay,drink:18:1
1476,drink:18,SARDINIAN_LOGUDARESE,bufare,drink:18:1
1477,see:0,ALBANIAN_GHEG,Sof,see:0:1
1478,see:0,ALBANIAN,Soh,see:0:1
1479,see:0,ALBANIAN_TOSK,Soh,see:0:2
1480,see:1,ARAGONESE,beyer,see:1:1
1481,see:1,GALICIAN,ber,see:1:1
1482,see:1,GASCON,beze,see:1:1
1483,see:1,LANGUEDOCIEN,beyre,see:1:1
1484,see:1,OCCITAN_ARANESE,be8e,see:1:1
1485,see:1,SARDINIAN,biere,see:1:1
1486,see:17,SARDINIAN_CAMPIDANESE,biri,see:17:1
1487,see:1,SARDINIAN_LOGUDARESE,biere,see:1:2
1488,see:2,ARPITAN,vEa,see:2:1
1489,see:5,CORSICAN,vEnd,see:5:1
1490,see:7,FRENCH,va,see:7:1
1491,see:10,LIGURIAN_STELLA,vyEy,see:10:1
1492,see:3,ASTURIAN,ver,see:3:1
1493,see:4,BALEAR_CATALAN,vEur3,see:4:1
1494,see:6,DALMATIAN,vedar,see:6:1
1495,see:8,FRIULIAN,viodi,see:8:1
1496,see:9,ITALIAN,ved,see:9:1
1497,see:6,ITALIAN_GROSSETO_TUSCAN,vedere,see:6:1
1498,see:3,JUDEO_ESPAGNOL,ver,see:3:2
1499,see:9,LIGURIAN_GENOESE,vede,see:9:1
1500,see:9,LIGURIAN_RAPALLO,vede,see:9:2
1501,see:9,LOMBARD_PLESIO,vedE,see:9:1
1502,see:12,NEAPOLITAN_CALABRESE,v3rE,see:12:1
1503,see:6,NONES,vedEr,see:6:1
1504,see:6,NONES_FASSANO,veder,see:6:1
1505,see:9,PIEMONTESE_BARBANIA,v3de,see:9:1
1506,see:9,PIEMONTESE_CARMAGNOLA,v3de,see:9:2
1507,see:9,PIEMONTESE_LANZO_TORINESE,v3di,see:9:1
1508,see:14,PIEMONTESE_VERCELLESE,vogi,see:14:1
1509,see:3,PORTUGUESE,ver,see:3:3
1510,see:9,ROMAGNOL_RAVENNATE,vde,see:9:1
1511,see:9,ROMANIAN,vedea,see:9:1
1512,see:9,ROMANIAN_2,vedea,see:9:2
1513,see:15,ROMANIAN_MEGLENO,vet,see:15:1
1514,see:12,ROMANSH_GRISHUN,v3zayr,see:12:1
1515,see:12,ROMANSH_SURSILVAN,v3zEr,see:12:1
1516,see:6,ROMANSH_VALLADER,v3Cer,see:6:1
1517,see:18,SICILIAN_UnnamedInSource,vidiri,see:18:1
1518,see:19,SPANISH,ve,see:19:1
1519,see:4,VALENCIAN,vEure,see:4:1
1520,see:9,VLACH,vedu,see:9:1
1521,see:4,CATALAN,bEur3,see:4:1
1522,see:4,CATALAN_2,bEur3,see:4:2
1523,see:6,EMILIANO_CARPIGIANO,vEder,see:6:1
1524,see:6,EMILIANO_FERRARESE,vEdar,see:6:1
1525,see:6,EMILIANO_REGGIANO,vEder,see:6:2
1526,see:16,ROMANSH_SURMIRAN,vEkr,see:16:1
1527,see:11,LOMBARD_BERGAMO,Et,see:11:1
1528,see:13,NONES_GARDENESE,ud3y,see:13:1
1529,die:0,ALBANIAN_GHEG,vdes,die:0:1
1530,die:0,ALBANIAN,vdes,die:0:2
1531,die:0,ALBANIAN_TOSK,vdEs,die:0:1
1532,die:1,ARAGONESE,morir,die:1:1
1533,die:1,ARPITAN,mori,die:1:1
1534,die:2,ASTURIAN,morrer,die:2:1
1535,die:1,BALEAR_CATALAN,muri,die:1:1
1536,die:1,CATALAN,muri,die:1:2
1537,die:1,CATALAN_2,muri,die:1:3
1538,die:1,CORSICAN,mor,die:1:1
1539,die:1,DALMATIAN,morar,die:1:1
1540,die:1,EMILIANO_CARPIGIANO,murir,die:1:1
1541,die:1,EMILIANO_FERRARESE,murir,die:1:2
1542,die:1,EMILIANO_REGGIANO,murir,die:1:3
1543,die:1,FRENCH,muri,die:1:4
1544,die:1,FRIULIAN,murei,die:1:1
1545,die:2,GALICIAN,morer,die:2:1
1546,die:1,ITALIAN,mor,die:1:2
1547,die:1,ITALIAN_GROSSETO_TUSCAN,morire,die:1:1
1548,die:1,JUDEO_ESPAGNOL,murir,die:1:4
1549,die:1,LIGURIAN_GENOESE,mui,die:1:1
1550,die:1,LIGURIAN_RAPALLO,mui,die:1:2
1551,die:4,LIGURIAN_STELLA,mii,die:4:1
1552,die:1,LOMBARD_BERGAMO,mor,die:1:3
1553,die:1,LOMBARD_PLESIO,muri,die:1:5
1554,die:1,NEAPOLITAN_CALABRESE,muri,die:1:6
1555,die:1,NONES,morir,die:1:2
1556,die:1,NONES_FASSANO,mori,die:1:2
1557,die:1,NONES_GARDENESE,muri,die:1:7
1558,die:1,OCCITAN_ARANESE,muri,die:1:8
1559,die:2,PIEMONTESE_BARBANIA,moyre,die:2:1
1560,die:2,PIEMONTESE_CARMAGNOLA,moyre,die:2:2
1561,die:2,PIEMONTESE_LANZO_TORINESE,moyre,die:2:3
1562,die:1,PIEMONTESE_VERCELLESE,mori,die:1:3
1563,die:1,PORTUGUESE,mur,die:1:1
1564,die:1,ROMAGNOL_RAVENNATE,muri,die:1:9
1565,die:1,ROMANIAN,mur,die:1:2
1566,die:1,ROMANIAN_MEGLENO,mor,die:1:4
1567,die:1,ROMANSH_GRISHUN,murir,die:1:5
1568,die:1,ROMANSH_SURMIRAN,murEkr,die:1:1
1569,die:1,ROMANSH_SURSILVAN,murir,die:1:6
1570,die:1,ROMANSH_VALLADER,murir,die:1:7
1571,die:2,SARDINIAN,morere,die:2:1
1572,die:1,SARDINIAN_CAMPIDANESE,mori,die:1:4
1573,die:2,SARDINIAN_LOGUDARESE,morere,die:2:2
1574,die:1,SICILIAN_UnnamedInSource,moriri,die:1:1
1575,die:1,SPANISH,mori,die:1:5
1576,die:1,VALENCIAN,morir,die:1:3
1577,die:1,VLACH,moru,die:1:1
1578,die:3,GASCON,kreba,die:3:1
1579,die:3,LANGUEDOCIEN,kreba,die:3:2
1580,die:5,ROMANIAN_2,deceda,die:5:1
1581,ear:0,ALBANIAN_GHEG,veS,ear:0:1
1582,ear:0,ALBANIAN,veS,ear:0:2
1583,ear:1,ALBANIAN_TOSK,vES,ear:1:1
1584,ear:2,ARAGONESE,oreLa,ear:2:1
1585,ear:2,ARPITAN,or3L3,ear:2:1
1586,ear:2,ASTURIAN,oreya,ear:2:1
1587,ear:2,BALEAR_CATALAN,orEL3,ear:2:1
1588,ear:5,FRENCH,ore,ear:5:1
1589,ear:6,FRIULIAN,oreli,ear:6:1
1590,ear:2,GALICIAN,orELa,ear:2:1
1591,ear:7,ITALIAN,orekkyo,ear:7:1
1592,ear:7,ITALIAN_GROSSETO_TUSCAN,orekyo,ear:7:1
1593,ear:2,JUDEO_ESPAGNOL,orexa,ear:2:1
1594,ear:2,LOMBARD_BERGAMO,orEja,ear:2:1
1595,ear:2,PORTUGUESE,oraLa,ear:2:1
1596,ear:2,SARDINIAN_CAMPIDANESE,orixa,ear:2:1
1597,ear:11,SARDINIAN_LOGUDARESE,orikra,ear:11:1
1598,ear:11,SICILIAN_UnnamedInSource,orikia,ear:11:1
1599,ear:2,SPANISH,oreha,ear:2:1
1600,ear:2,VALENCIAN,orELa,ear:2:2
1601,ear:3,CATALAN,urEL3,ear:3:1
1602,ear:3,CATALAN_2,urEL3,ear:3:2
1603,ear:2,CORSICAN,arETa,ear:2:1
1604,ear:2,EMILIANO_CARPIGIANO,urECa,ear:2:1
1605,ear:2,EMILIANO_FERRARESE,urECa,ear:2:2
1606,ear:2,EMILIANO_REGGIANO,urECa,ear:2:3
1607,ear:2,LOMBARD_PLESIO,urEja,ear:2:1
1608,ear:2,NONES_FASSANO,ureya,ear:2:1
1609,ear:9,NONES_GARDENESE,ur3dla,ear:9:1
1610,ear:2,PIEMONTESE_BARBANIA,uriya,ear:2:1
1611,ear:2,PIEMONTESE_CARMAGNOLA,uriya,ear:2:2
1612,ear:2,PIEMONTESE_LANZO_TORINESE,uriya,ear:2:3
1613,ear:2,PIEMONTESE_VERCELLESE,uroZa,ear:2:1
1614,ear:2,ROMAGNOL_RAVENNATE,urECa,ear:2:4
1615,ear:10,ROMANIAN,ureke,ear:10:1
1616,ear:10,ROMANIAN_2,ureke,ear:10:2
1617,ear:3,ROMANIAN_MEGLENO,ureakL3,ear:3:1
1618,ear:3,ROMANSH_GRISHUN,ureL3,ear:3:1
1619,ear:3,ROMANSH_SURMIRAN,urey3,ear:3:1
1620,ear:3,ROMANSH_SURSILVAN,ureL3,ear:3:2
1621,ear:3,ROMANSH_VALLADER,uraL3,ear:3:1
1622,ear:2,SARDINIAN,uriga,ear:2:1
1623,ear:3,TURIA_AROMANIAN,ureakLi,ear:3:1
1624,ear:3,VLACH,uriacli,ear:3:1
1625,ear:4,DALMATIAN,rakla,ear:4:1
1626,ear:3,NEAPOLITAN_CALABRESE,reky3,ear:3:1
1627,ear:4,NONES,rekla,ear:4:1
1628,ear:3,GASCON,aureyo,ear:3:1
1629,ear:3,LANGUEDOCIEN,awreLo,ear:3:1
1630,ear:3,OCCITAN_ARANESE,aureLo,ear:3:1
1631,ear:2,LIGURIAN_GENOESE,wEja,ear:2:1
1632,ear:8,LIGURIAN_RAPALLO,aweje,ear:8:1
1633,ear:2,LIGURIAN_STELLA,weja,ear:2:1
1634,mountain:0,ALBANIAN_GHEG,mal,mountain:0:1
1635,mountain:0,ALBANIAN,mal,mountain:0:2
1636,mountain:0,ALBANIAN_TOSK,mal,mountain:0:3
1637,mountain:1,ARAGONESE,mon,mountain:1:1
1638,mountain:1,CATALAN,mon,mountain:1:2
1639,mountain:1,NONES,mon,mountain:1:3
1640,mountain:2,ARPITAN,mota5i,mountain:2:1
1641,mountain:2,ASTURIAN,monte,mountain:2:1
1642,mountain:2,BALEAR_CATALAN,munta53,mountain:2:1
1643,mountain:2,CATALAN_2,munta53,mountain:2:2
1644,mountain:2,CORSICAN,muntanTa,mountain:2:1
1645,mountain:2,DALMATIAN,muant,mountain:2:1
1646,mountain:2,EMILIANO_CARPIGIANO,munta5a,mountain:2:1
1647,mountain:2,EMILIANO_FERRARESE,munta5a,mountain:2:2
1648,mountain:2,EMILIANO_REGGIANO,munta5a,mountain:2:3
1649,mountain:2,FRENCH,motaj,mountain:2:1
1650,mountain:2,FRIULIAN,mont,mountain:2:1
1651,mountain:2,GALICIAN,monta5a,mountain:2:1
1652,mountain:2,GASCON,munta5o,mountain:2:1
1653,mountain:2,ITALIAN,monta5a,mountain:2:2
1654,mountain:2,ITALIAN_GROSSETO_TUSCAN,monata5a,mountain:2:1
1655,mountain:2,JUDEO_ESPAGNOL,monta5a,mountain:2:3
1656,mountain:2,LANGUEDOCIEN,munta5o,mountain:2:2
1657,mountain:2,LIGURIAN_RAPALLO,munta5a,mountain:2:4
1658,mountain:2,LOMBARD_BERGAMO,monta5a,mountain:2:4
1659,mountain:2,LOMBARD_PLESIO,munta5a,mountain:2:5
1660,mountain:2,NEAPOLITAN_CALABRESE,munta53,mountain:2:3
1661,mountain:2,OCCITAN_ARANESE,muna5o,mountain:2:1
1662,mountain:2,PIEMONTESE_BARBANIA,muNta5a,mountain:2:1
1663,mountain:2,PIEMONTESE_CARMAGNOLA,muNta5a,mountain:2:2
1664,mountain:2,PIEMONTESE_LANZO_TORINESE,muNta5a,mountain:2:3
1665,mountain:2,PIEMONTESE_VERCELLESE,muNta5a,mountain:2:4
1666,mountain:2,PORTUGUESE,mota5a,mountain:2:1
1667,mountain:2,ROMAGNOL_RAVENNATE,mownt,mountain:2:1
1668,mountain:2,ROMANIAN,munte,mountain:2:1
1669,mountain:2,ROMANIAN_MEGLENO,munti,mountain:2:1
1670,mountain:2,ROMANSH_GRISHUN,munto53,mountain:2:1
1671,mountain:2,ROMANSH_SURMIRAN,munto53,mountain:2:2
1672,mountain:2,ROMANSH_VALLADER,munto53,mountain:2:3
1673,mountain:2,SARDINIAN,munta5a,mountain:2:6
1674,mountain:2,SARDINIAN_CAMPIDANESE,monti,mountain:2:1
1675,mountain:2,SARDINIAN_LOGUDARESE,monte,mountain:2:2
1676,mountain:2,SICILIAN_UnnamedInSource,munta5a,mountain:2:7
1677,mountain:2,TURIA_AROMANIAN,muni,mountain:2:1
1678,mountain:2,VALENCIAN,munta5a,mountain:2:8
1679,mountain:2,VLACH,mundi,mountain:2:1
1680,mountain:3,LIGURIAN_GENOESE,briku,mountain:3:1
1681,mountain:3,LIGURIAN_STELLA,briku,mountain:3:2
1682,mountain:4,NONES_FASSANO,krepa,mountain:4:1
1683,mountain:5,NONES_GARDENESE,kr3p,mountain:5:1
1684,mountain:6,ROMANIAN_2,colina,mountain:6:1
1685,mountain:7,ROMANSH_SURSILVAN,kuolm,mountain:7:1
1686,mountain:8,SPANISH,sero,mountain:8:1
1687,eye:0,ALBANIAN_GHEG,sy,eye:0:1
1688,eye:1,ALBANIAN,si,eye:1:1
1689,eye:1,ALBANIAN_TOSK,si,eye:1:2
1690,eye:3,ARPITAN,yi,eye:3:1
1691,eye:9,FRENCH,3y,eye:9:1
1692,eye:2,ARAGONESE,geLo,eye:2:1
1693,eye:4,ASTURIAN,ueyu,eye:4:1
1694,eye:5,BALEAR_CATALAN,uL,eye:5:1
1695,eye:5,CATALAN,uL,eye:5:2
1696,eye:5,CATALAN_2,uL,eye:5:3
1697,eye:14,LANGUEDOCIEN,ieL,eye:14:1
1698,eye:18,NONES_FASSANO,eye,eye:18:1
1699,eye:20,OCCITAN_ARANESE,ueL,eye:20:1
1700,eye:27,ROMANSH_GRISHUN,eL,eye:27:1
1701,eye:28,ROMANSH_SURMIRAN,iL,eye:28:1
1702,eye:27,ROMANSH_SURSILVAN,eL,eye:27:2
1703,eye:5,VALENCIAN,uL,eye:5:4
1704,eye:6,CORSICAN,oTi,eye:6:1
1705,eye:8,EMILIANO_CARPIGIANO,oC,eye:8:1
1706,eye:8,EMILIANO_FERRARESE,oC,eye:8:2
1707,eye:8,EMILIANO_REGGIANO,oC,eye:8:3
1708,eye:10,FRIULIAN,voli,eye:10:1
1709,eye:11,GALICIAN,oLo,eye:11:1
1710,eye:13,ITALIAN,okkyo,eye:13:1
1711,eye:13,ITALIAN_GROSSETO_TUSCAN,okyo,eye:13:1
1712,eye:11,JUDEO_ESPAGNOL,oxo,eye:11:1
1713,eye:8,LOMBARD_BERGAMO,oC,eye:8:4
1714,eye:8,LOMBARD_PLESIO,oC,eye:8:5
1715,eye:21,PIEMONTESE_BARBANIA,oy,eye:21:1
1716,eye:22,PIEMONTESE_CARMAGNOLA,oy,eye:22:2
1717,eye:23,PIEMONTESE_LANZO_TORINESE,oy,eye:23:3
1718,eye:8,PIEMONTESE_VERCELLESE,oC,eye:8:6
1719,eye:24,PORTUGUESE,oLu,eye:24:1
1720,eye:8,ROMAGNOL_RAVENNATE,oC,eye:8:7
1721,eye:25,ROMANIAN,ok,eye:25:1
1722,eye:13,ROMANIAN_2,oky,eye:13:1
1723,eye:29,ROMANSH_VALLADER,oL,eye:29:1
1724,eye:24,SARDINIAN,ogu,eye:24:1
1725,eye:24,SARDINIAN_CAMPIDANESE,oxu,eye:24:1
1726,eye:26,SARDINIAN_LOGUDARESE,okru,eye:26:1
1727,eye:26,SICILIAN_UnnamedInSource,okiu,eye:26:1
1728,eye:11,SPANISH,oho,eye:11:1
1729,eye:26,TURIA_AROMANIAN,okLu,eye:26:1
1730,eye:30,VLACH,okklu,eye:30:1
1731,eye:7,DALMATIAN,vaklo,eye:7:1
1732,eye:12,GASCON,wey,eye:12:1
1733,eye:19,NONES_GARDENESE,wedl,eye:19:1
1734,eye:15,LIGURIAN_GENOESE,Eju,eye:15:1
1735,eye:15,LIGURIAN_RAPALLO,Eju,eye:15:2
1736,eye:15,LIGURIAN_STELLA,Eju,eye:15:3
1737,eye:16,NEAPOLITAN_CALABRESE,woky3,eye:16:1
1738,eye:26,ROMANIAN_MEGLENO,wokLu,eye:26:1
1739,eye:17,NONES,ocEl,eye:17:1
1740,stone:0,ALBANIAN_GHEG,gur,stone:0:1
1741,stone:0,ALBANIAN,gur,stone:0:2
1742,stone:0,ALBANIAN_TOSK,gur,stone:0:3
1743,stone:1,ARAGONESE,pe5a,stone:1:1
1744,stone:2,ARPITAN,pEri,stone:2:1
1745,stone:1,ASTURIAN,piedra,stone:1:1
1746,stone:1,BALEAR_CATALAN,pedr3,stone:1:1
1747,stone:1,DALMATIAN,pitra,stone:1:1
1748,stone:1,FRENCH,per,stone:1:1
1749,stone:1,FRIULIAN,perE,stone:1:1
1750,stone:1,GALICIAN,pEdra,stone:1:1
1751,stone:1,ITALIAN,pyEtra,stone:1:1
1752,stone:1,JUDEO_ESPAGNOL,pyedra,stone:1:1
1753,stone:1,PIEMONTESE_BARBANIA,pEra,stone:1:1
1754,stone:1,PIEMONTESE_CARMAGNOLA,pera,stone:1:1
1755,stone:1,PIEMONTESE_LANZO_TORINESE,pEra,stone:1:2
1756,stone:1,PORTUGUESE,pEdra,stone:1:2
1757,stone:1,ROMANIAN,patr3,stone:1:1
1758,stone:1,ROMANIAN_2,pyatr3,stone:1:1
1759,stone:1,SARDINIAN,pedra,stone:1:1
1760,stone:5,SARDINIAN_CAMPIDANESE,perda,stone:5:1
1761,stone:5,SARDINIAN_LOGUDARESE,perda,stone:5:2
1762,stone:1,SICILIAN_UnnamedInSource,petra,stone:1:1
1763,stone:1,SPANISH,piedra,stone:1:2
1764,stone:1,VALENCIAN,pe8ra,stone:1:1
1765,stone:13,VLACH,gena,stone:13:1
1766,stone:1,CATALAN,pe8r3,stone:1:1
1767,stone:1,CATALAN_2,pe8r3,stone:1:2
1768,stone:3,CORSICAN,kota,stone:3:1
1769,stone:4,EMILIANO_CARPIGIANO,jarown,stone:4:1
1770,stone:5,EMILIANO_FERRARESE,prEda,stone:5:1
1771,stone:5,EMILIANO_REGGIANO,preda,stone:5:1
1772,stone:9,LIGURIAN_STELLA,prEya,stone:9:1
1773,stone:5,LOMBARD_BERGAMO,preda,stone:5:2
1774,stone:10,NEAPOLITAN_CALABRESE,prEt3,stone:10:1
1775,stone:9,PIEMONTESE_VERCELLESE,prEya,stone:9:2
1776,stone:6,GASCON,pEiro,stone:6:1
1777,stone:6,LANGUEDOCIEN,pEyro,stone:6:1
1778,stone:6,OCCITAN_ARANESE,pEiro,stone:6:2
1779,stone:7,ITALIAN_GROSSETO_TUSCAN,saso,stone:7:1
1780,stone:7,LOMBARD_PLESIO,sas,stone:7:1
1781,stone:7,NONES,sas,stone:7:2
1782,stone:7,NONES_FASSANO,sas,stone:7:3
1783,stone:7,NONES_GARDENESE,sas,stone:7:4
1784,stone:7,ROMAGNOL_RAVENNATE,sas,stone:7:5
1785,stone:8,LIGURIAN_GENOESE,pria,stone:8:1
1786,stone:8,LIGURIAN_RAPALLO,pria,stone:8:2
1787,stone:11,ROMANIAN_MEGLENO,rop3,stone:11:1
1788,stone:12,ROMANSH_GRISHUN,krap,stone:12:1
1789,stone:12,ROMANSH_SURMIRAN,krap,stone:12:2
1790,stone:12,ROMANSH_SURSILVAN,krap,stone:12:3
1791,stone:12,ROMANSH_VALLADER,krap,stone:12:4
1792,stone:1,TURIA_AROMANIAN,kitriCa,stone:1:1
1793,person:0,ALBANIAN_GHEG,5eri,person:0:1
1794,person:1,ALBANIAN,vet3,person:1:1
1795,person:1,ALBANIAN_TOSK,vEt3,person:1:1
1796,person:2,ARAGONESE,ombre,person:2:1
1797,person:3,ARPITAN,omu,person:3:1
1798,person:5,CORSICAN,nimu,person:5:1
1799,person:6,DALMATIAN,om,person:6:1
1800,person:6,EMILIANO_CARPIGIANO,om,person:6:2
1801,person:6,EMILIANO_REGGIANO,om,person:6:3
1802,person:6,FRENCH,om,person:6:4
1803,person:9,GALICIAN,ome,person:9:1
1804,person:10,GASCON,omi,person:10:1
1805,person:11,ITALIAN_GROSSETO_TUSCAN,omo,person:11:1
1806,person:3,LIGURIAN_GENOESE,omu,person:3:2
1807,person:3,LIGURIAN_RAPALLO,omu,person:3:3
1808,person:6,LOMBARD_BERGAMO,om,person:6:5
1809,person:6,LOMBARD_PLESIO,om,person:6:6
1810,person:6,NONES,om,person:6:7
1811,person:6,NONES_FASSANO,om,person:6:8
1812,person:11,NONES_GARDENESE,womo,person:11:1
1813,person:6,PIEMONTESE_BARBANIA,om,person:6:9
1814,person:6,PIEMONTESE_CARMAGNOLA,om,person:6:10
1815,person:6,PIEMONTESE_LANZO_TORINESE,om,person:6:11
1816,person:12,PIEMONTESE_VERCELLESE,omaN,person:12:1
1817,person:6,ROMANIAN_2,om,person:6:12
1818,person:11,ROMANIAN_MEGLENO,wom,person:11:1
1819,person:13,ROMANSH_VALLADER,uman,person:13:1
1820,person:14,SARDINIAN_CAMPIDANESE,omini,person:14:1
1821,person:14,SARDINIAN_LOGUDARESE,omine,person:14:1
1822,person:6,TURIA_AROMANIAN,om,person:6:13
1823,person:3,VLACH,omu,person:3:4
1824,person:4,ASTURIAN,persona,person:4:1
1825,person:4,ITALIAN,persona,person:4:2
1826,person:4,JUDEO_ESPAGNOL,persona,person:4:3
1827,person:4,LANGUEDOCIEN,persuno,person:4:1
1828,person:4,OCCITAN_ARANESE,persuno,person:4:2
1829,person:4,ROMANIAN,persoan3,person:4:1
1830,person:4,ROMANSH_SURSILVAN,pErsun3,person:4:1
1831,person:4,SARDINIAN,pesone,person:4:1
1832,person:4,SICILIAN_UnnamedInSource,pirsuna,person:4:1
1833,person:4,SPANISH,persona,person:4:4
1834,person:4,VALENCIAN,persone,person:4:1
1835,person:4,BALEAR_CATALAN,p3rson3,person:4:1
1836,person:4,CATALAN,p3rson3,person:4:2
1837,person:4,CATALAN_2,p3rson3,person:4:3
1838,person:7,EMILIANO_FERRARESE,styan,person:7:1
1839,person:7,ROMAGNOL_RAVENNATE,sCan,person:7:1
1840,person:8,FRIULIAN,pErsoN,person:8:1
1841,person:8,PORTUGUESE,pErzon,person:8:1
1842,person:7,LIGURIAN_STELLA,kristyaN,person:7:1
1843,person:7,NEAPOLITAN_CALABRESE,kr3styan3,person:7:1
1844,person:7,ROMANSH_GRISHUN,k3rSTawn,person:7:1
1845,person:7,ROMANSH_SURMIRAN,k3rstaN,person:7:1
1846,one:0,ALBANIAN_GHEG,nyi,one:0:1
1847,one:1,ALBANIAN,Ne,one:1:1
1848,one:8,FRENCH,oe,one:8:1
1849,one:2,ALBANIAN_TOSK,53,one:2:1
1850,one:3,ARAGONESE,un,one:3:1
1851,one:3,ASTURIAN,un,one:3:2
1852,one:5,BALEAR_CATALAN,uns,one:5:1
1853,one:3,CATALAN,un,one:3:3
1854,one:5,CATALAN_2,uns,one:5:2
1855,one:6,CORSICAN,unu,one:6:1
1856,one:3,EMILIANO_CARPIGIANO,un,one:3:4
1857,one:3,EMILIANO_FERRARESE,un,one:3:5
1858,one:3,EMILIANO_REGGIANO,un,one:3:6
1859,one:9,FRIULIAN,uN,one:9:1
1860,one:3,GALICIAN,un,one:3:7
1861,one:11,ITALIAN,uno,one:11:1
1862,one:11,ITALIAN_GROSSETO_TUSCAN,uno,one:11:2
1863,one:11,JUDEO_ESPAGNOL,uno,one:11:3
1864,one:9,LIGURIAN_GENOESE,uN,one:9:2
1865,one:9,LIGURIAN_RAPALLO,uN,one:9:3
1866,one:9,LIGURIAN_STELLA,uN,one:9:4
1867,one:13,LOMBARD_BERGAMO,u,one:13:1
1868,one:14,LOMBARD_PLESIO,vuN,one:14:1
1869,one:15,NEAPOLITAN_CALABRESE,un3,one:15:1
1870,one:3,NONES,un,one:3:8
1871,one:9,NONES_FASSANO,uN,one:9:5
1872,one:9,NONES_GARDENESE,uN,one:9:6
1873,one:16,OCCITAN_ARANESE,iN,one:16:1
1874,one:9,PIEMONTESE_BARBANIA,uN,one:9:7
1875,one:9,PIEMONTESE_CARMAGNOLA,uN,one:9:8
1876,one:9,PIEMONTESE_LANZO_TORINESE,uN,one:9:9
1877,one:14,PIEMONTESE_VERCELLESE,yuN,one:14:1
1878,one:17,PORTUGUESE,u,one:17:2
1879,one:18,ROMAGNOL_RAVENNATE,own,one:18:1
1880,one:6,ROMANIAN,unu,one:6:2
1881,one:6,ROMANIAN_2,unu,one:6:3
1882,one:3,ROMANIAN_MEGLENO,un,one:3:9
1883,one:19,ROMANSH_GRISHUN,en,one:19:1
1884,one:19,ROMANSH_SURMIRAN,en,one:19:2
1885,one:20,ROMANSH_SURSILVAN,in,one:20:1
1886,one:3,ROMANSH_VALLADER,un,one:3:10
1887,one:6,SARDINIAN,unu,one:6:4
1888,one:6,SARDINIAN_CAMPIDANESE,unu,one:6:5
1889,one:6,SARDINIAN_LOGUDARESE,unu,one:6:6
1890,one:6,SICILIAN_UnnamedInSource,unu,one:6:7
1891,one:11,SPANISH,uno,one:11:4
1892,one:3,TURIA_AROMANIAN,un,one:3:11
1893,one:5,VALENCIAN,uns,one:5:3
1894,one:6,VLACH,unu,one:6:8
1895,one:4,ARPITAN,yo,one:4:1
1896,one:7,DALMATIAN,yoin,one:7:1
1897,one:10,GASCON,i,one:10:1
1898,one:12,LANGUEDOCIEN,i,one:12:2
1899,knee:0,ALBANIAN_GHEG,gu,knee:0:1
1900,knee:1,ALBANIAN,Tu,knee:1:1
1901,knee:1,ALBANIAN_TOSK,Tu,knee:1:2
1902,knee:2,ARAGONESE,CinoLo,knee:2:1
1903,knee:2,VALENCIAN,CinoL,knee:2:1
1904,knee:2,ARPITAN,Z3nu,knee:2:1
1905,knee:2,BALEAR_CATALAN,Z3noL,knee:2:1
1906,knee:2,CATALAN,j3noL,knee:2:1
1907,knee:2,CATALAN_2,Z3noL,knee:2:2
1908,knee:2,FRENCH,j3nu,knee:2:1
1909,knee:8,NONES_FASSANO,Z3neye,knee:8:1
1910,knee:2,NONES_GARDENESE,Z3nodl,knee:2:1
1911,knee:8,ROMANSH_GRISHUN,Z3neye,knee:8:2
1912,knee:2,ROMANSH_SURMIRAN,g3nuL,knee:2:1
1913,knee:9,ROMANSH_SURSILVAN,SanuL,knee:9:1
1914,knee:3,ASTURIAN,rodia,knee:3:1
1915,knee:3,JUDEO_ESPAGNOL,rodiyas,knee:3:1
1916,knee:3,SPANISH,rodiya,knee:3:1
1917,knee:2,CORSICAN,vinoTi,knee:2:1
1918,knee:4,DALMATIAN,Zinuak,knee:4:1
1919,knee:4,ITALIAN_GROSSETO_TUSCAN,Zinkyo,knee:4:1
1920,knee:4,PIEMONTESE_BARBANIA,Zinuy,knee:4:1
1921,knee:4,PIEMONTESE_CARMAGNOLA,Zinuy,knee:4:2
1922,knee:4,PIEMONTESE_LANZO_TORINESE,Zinuy,knee:4:3
1923,knee:2,EMILIANO_CARPIGIANO,znoC,knee:2:1
1924,knee:2,EMILIANO_FERRARESE,ZnoC,knee:2:1
1925,knee:2,EMILIANO_REGGIANO,ZnoC,knee:2:2
1926,knee:2,FRIULIAN,zEnoli,knee:2:1
1927,knee:4,ITALIAN,jinokkyo,knee:4:1
1928,knee:2,LOMBARD_BERGAMO,jonoC,knee:2:1
1929,knee:2,LOMBARD_PLESIO,jinoC,knee:2:1
1930,knee:2,PIEMONTESE_VERCELLESE,ZnoC,knee:2:3
1931,knee:2,ROMAGNOL_RAVENNATE,ZnoC,knee:2:4
1932,knee:2,ROMANSH_VALLADER,ZnwoL,knee:2:1
1933,knee:5,GALICIAN,SeonLo,knee:5:1
1934,knee:4,GASCON,Zuy,knee:4:1
1935,knee:4,OCCITAN_ARANESE,ZuL,knee:4:1
1936,knee:4,PORTUGUESE,ZuaLu,knee:4:1
1937,knee:6,LANGUEDOCIEN,jenul,knee:6:1
1938,knee:6,ROMANIAN,jenuNk,knee:6:1
1939,knee:6,ROMANIAN_2,jenuNky,knee:6:1
1940,knee:6,SARDINIAN_CAMPIDANESE,jenuxu,knee:6:1
1941,knee:6,LIGURIAN_GENOESE,Zenuju,knee:6:1
1942,knee:6,LIGURIAN_RAPALLO,zenuju,knee:6:1
1943,knee:6,LIGURIAN_STELLA,Zenuju,knee:6:2
1944,knee:6,SARDINIAN,enugu,knee:6:1
1945,knee:6,SARDINIAN_LOGUDARESE,benukru,knee:6:1
1946,knee:7,NEAPOLITAN_CALABRESE,d3nuky3,knee:7:1
1947,knee:2,NONES,zinocEl,knee:2:1
1948,knee:6,ROMANIAN_MEGLENO,zinkLu,knee:6:1
1949,knee:6,TURIA_AROMANIAN,cinukLu,knee:6:1
1950,knee:6,VLACH,cinuklu,knee:6:1
1951,knee:6,SICILIAN_UnnamedInSource,dinokiu,knee:6:1
1952,hand:0,ALBANIAN_GHEG,dor3,hand:0:1
1953,hand:0,ALBANIAN,dor3,hand:0:2
1954,hand:0,ALBANIAN_TOSK,dor3,hand:0:3
1955,hand:1,ARAGONESE,man,hand:1:1
1956,hand:2,ARPITAN,ma,hand:2:1
1957,hand:1,ASTURIAN,mano,hand:1:1
1958,hand:2,BALEAR_CATALAN,ma,hand:2:2
1959,hand:2,CATALAN,ma,hand:2:3
1960,hand:2,CATALAN_2,ma,hand:2:4
1961,hand:1,CORSICAN,mani,hand:1:1
1962,hand:3,DALMATIAN,muoN,hand:3:1
1963,hand:4,EMILIANO_CARPIGIANO,maN,hand:4:1
1964,hand:1,EMILIANO_FERRARESE,mans,hand:1:1
1965,hand:1,EMILIANO_REGGIANO,man,hand:1:2
1966,hand:2,FRENCH,ma,hand:2:5
1967,hand:1,FRIULIAN,man,hand:1:3
1968,hand:1,GALICIAN,man,hand:1:4
1969,hand:2,GASCON,ma,hand:2:6
1970,hand:1,ITALIAN,mano,hand:1:2
1971,hand:1,ITALIAN_GROSSETO_TUSCAN,mano,hand:1:3
1972,hand:1,JUDEO_ESPAGNOL,mano,hand:1:4
1973,hand:2,LANGUEDOCIEN,ma,hand:2:7
1974,hand:4,LIGURIAN_GENOESE,maN,hand:4:2
1975,hand:4,LIGURIAN_RAPALLO,maN,hand:4:3
1976,hand:4,LIGURIAN_STELLA,maN,hand:4:4
1977,hand:2,LOMBARD_BERGAMO,ma,hand:2:8
1978,hand:4,LOMBARD_PLESIO,maN,hand:4:5
1979,hand:1,NEAPOLITAN_CALABRESE,man3,hand:1:1
1980,hand:1,NONES,man,hand:1:5
1981,hand:4,NONES_FASSANO,ma5,hand:4:1
1982,hand:4,NONES_GARDENESE,ma5,hand:4:2
1983,hand:4,OCCITAN_ARANESE,maN,hand:4:6
1984,hand:4,PIEMONTESE_BARBANIA,maN,hand:4:7
1985,hand:4,PIEMONTESE_CARMAGNOLA,maN,hand:4:8
1986,hand:4,PIEMONTESE_LANZO_TORINESE,maN,hand:4:9
1987,hand:4,PIEMONTESE_VERCELLESE,maN,hand:4:10
1988,hand:4,PORTUGUESE,mau,hand:4:1
1989,hand:1,ROMAGNOL_RAVENNATE,man,hand:1:6
1990,hand:5,ROMANIAN,m3n3,hand:5:1
1991,hand:5,ROMANIAN_2,m3n3,hand:5:2
1992,hand:5,ROMANIAN_MEGLENO,mon3,hand:5:1
1993,hand:1,ROMANSH_GRISHUN,mawn,hand:1:1
1994,hand:4,ROMANSH_SURMIRAN,maN,hand:4:11
1995,hand:1,ROMANSH_SURSILVAN,maun,hand:1:1
1996,hand:1,ROMANSH_VALLADER,man,hand:1:7
1997,hand:1,SARDINIAN,manu,hand:1:1
1998,hand:1,SARDINIAN_CAMPIDANESE,manu,hand:1:2
1999,hand:1,SARDINIAN_LOGUDARESE,manu,hand:1:3
2000,hand:1,SICILIAN_UnnamedInSource,manu,hand:1:4
2001,hand:1,SPANISH,mano,hand:1:5
2002,hand:1,TURIA_AROMANIAN,mana,hand:1:1
2003,hand:2,VALENCIAN,ma,hand:2:9
2004,hand:1,VLACH,mina,hand:1:1
2005,blood:0,ALBANIAN_GHEG,gak,blood:0:1
2006,blood:0,ALBANIAN,Tak,blood:0:1
2007,blood:1,ALBANIAN_TOSK,TEk,blood:1:1
2008,blood:2,ARAGONESE,saNgre,blood:2:1
2009,blood:2,ASTURIAN,saNgre,blood:2:2
2010,blood:2,CORSICAN,saNgwi,blood:2:1
2011,blood:5,DALMATIAN,suoNg,blood:5:1
2012,blood:2,EMILIANO_CARPIGIANO,saNgev,blood:2:1
2013,blood:4,EMILIANO_FERRARESE,saNg,blood:4:1
2014,blood:2,EMILIANO_REGGIANO,saNgov,blood:2:1
2015,blood:4,GALICIAN,saNge,blood:4:1
2016,blood:2,ITALIAN,saNgwe,blood:2:1
2017,blood:2,ITALIAN_GROSSETO_TUSCAN,sangwe,blood:2:1
2018,blood:2,JUDEO_ESPAGNOL,saNgre,blood:2:3
2019,blood:2,LIGURIAN_GENOESE,saNgwe,blood:2:2
2020,blood:2,LIGURIAN_RAPALLO,saNgwe,blood:2:3
2021,blood:2,LIGURIAN_STELLA,saNgwe,blood:2:4
2022,blood:4,NEAPOLITAN_CALABRESE,sang3,blood:4:1
2023,blood:4,PIEMONTESE_BARBANIA,saNg,blood:4:2
2024,blood:4,PIEMONTESE_CARMAGNOLA,saNg,blood:4:3
2025,blood:4,PIEMONTESE_LANZO_TORINESE,saNg,blood:4:4
2026,blood:4,ROMAGNOL_RAVENNATE,saNgv,blood:4:1
2027,blood:4,SICILIAN_UnnamedInSource,saNgu,blood:4:1
2028,blood:2,SPANISH,sangre,blood:2:1
2029,blood:3,ARPITAN,so,blood:3:1
2030,blood:4,BALEAR_CATALAN,saN,blood:4:1
2031,blood:4,CATALAN,saN,blood:4:2
2032,blood:4,CATALAN_2,saN,blood:4:3
2033,blood:6,FRENCH,sa,blood:6:1
2034,blood:4,FRIULIAN,saNk,blood:4:1
2035,blood:4,GASCON,saN,blood:4:4
2036,blood:4,LANGUEDOCIEN,saN,blood:4:5
2037,blood:4,LOMBARD_BERGAMO,sank,blood:4:1
2038,blood:4,LOMBARD_PLESIO,sank,blood:4:2
2039,blood:4,NONES,saN,blood:4:6
2040,blood:4,NONES_FASSANO,saNk,blood:4:2
2041,blood:4,NONES_GARDENESE,saNk,blood:4:3
2042,blood:4,OCCITAN_ARANESE,saN,blood:4:7
2043,blood:4,PIEMONTESE_VERCELLESE,saN,blood:4:8
2044,blood:4,PORTUGUESE,sax3,blood:4:1
2045,blood:8,ROMANIAN_MEGLENO,sonzi,blood:8:1
2046,blood:4,ROMANSH_GRISHUN,saNk,blood:4:4
2047,blood:4,ROMANSH_SURMIRAN,saNk,blood:4:5
2048,blood:4,ROMANSH_SURSILVAN,sauN,blood:4:1
2049,blood:4,ROMANSH_VALLADER,saNk,blood:4:6
2050,blood:4,TURIA_AROMANIAN,sani,blood:4:1
2051,blood:4,VALENCIAN,saN,blood:4:9
2052,blood:10,VLACH,sinca,blood:10:1
2053,blood:7,ROMANIAN,s3nje,blood:7:1
2054,blood:7,ROMANIAN_2,s3nje,blood:7:2
2055,blood:9,SARDINIAN,sambene,blood:9:1
2056,blood:9,SARDINIAN_LOGUDARESE,sambene,blood:9:2
2057,blood:4,SARDINIAN_CAMPIDANESE,SaNguni,blood:4:1
